avg_train_true,avg_train_pred,train_pred_std,avg_test_true,avg_test_pred,test_pred_std
1.768462729,1.8362234,0.0070685884,0.646284035,0.6373915,0.013376181
0.7954092330000001,0.8110135,0.014186591,0.6965352769999998,0.6826304,0.040709525
1.3543638649999998,1.2669644,0.025211725,0.5548618280000001,0.50990987,0.059530426
0.852685302,0.87115985,0.01825548,1.0819218409999998,1.0947152,0.019243564
2.1442529840000004,2.1300094,0.006240157,1.3581263499999998,1.2908483,0.018409992
0.7306600249999999,0.72197044,0.0039206687,0.41131208799999996,0.49497408,0.030092055
0.8193672280000002,0.82417643,0.008326846,1.156306959,1.2394655,0.034853183
0.667983755,0.729087,0.011096342,0.47820944600000004,0.53646487,0.04785366
0.895999096,0.893078,0.019379443,1.1678059859999996,1.1446416,0.04336372
0.735188432,0.76953727,0.012986761,0.711939045,0.71840686,0.023074832
-0.21035461499999997,-0.17279124,0.03237123,0.5712186629999999,0.5389378,0.050834537
1.0464338689999997,1.0780632,0.043975543,1.4885604269999997,1.1846201,0.027946364
0.38994286699999986,0.38517904,0.006305617,0.7816824030000002,0.602757,0.06768833
1.0012615169999999,1.0007025,0.01840746,0.604017595,0.7866205,0.012995099
0.8684014440000001,0.90661824,0.015549242,1.1306683930000003,1.1723192,0.043266255
0.568049664,0.5808375,0.0097148465,1.111847164,0.9567893,0.0657247
0.40385026299999993,0.43053967,0.010567401,0.508349689,0.4872439,0.019779382
2.170301828,2.0451782,0.0226831,1.233976902,1.2809131,0.010690998
-0.413260583,-0.43001288,0.008397468,1.3001140549999999,1.0500827,0.03637597
0.9638506340000002,0.9630753,0.029977702,0.7654875949999999,0.70743567,0.026120683
0.328991958,0.35139486,0.011757536,1.0166789430000003,1.1061323,0.036885902
0.662539671,0.65284663,0.015154543,1.5402911840000002,1.3984444,0.034211487
0.732569315,0.76061094,0.016869709,1.0822623329999999,0.96871024,0.022333695
1.6904000259999994,1.7536513,0.04115321,1.1328264590000001,1.1159666,0.02943008
1.1473693699999998,1.1607265,0.025275167,0.709976179,0.66276556,0.012059844
0.9120173979999999,0.96121705,0.021374732,0.5839919059999998,0.52271825,0.033623748
0.41277803,0.41196305,0.008258013,1.5920615439999999,1.3878009,0.016197199
0.6672516250000002,0.68071926,0.017980304,1.649780975,1.7002672,0.020825475
1.1732937939999994,1.2042371,0.014826296,0.6137378919999998,0.56728625,0.076867394
0.32097195799999995,0.35054597,0.0066050556,0.8150907880000002,0.88188905,0.06787583
0.7122646460000002,0.72166485,0.01888995,0.9049617619999999,0.94981575,0.016806033
0.984620244,0.98045933,0.020214548,0.57774593,0.52235425,0.015035004
0.8174760219999999,0.8215214,0.035678323,1.4153937649999995,1.3731601,0.025584875
1.7543041049999997,1.7223175,0.024955485,1.571101833,1.6622328,0.0146115
0.7360752770000001,0.7432381,0.016740086,1.4332908989999995,1.374377,0.038494013
0.7911394740000002,0.79524034,0.020005874,1.1609520949999996,1.1599213,0.018060775
1.5019347019999998,1.4279755,0.0120996,0.523426895,0.34039244,0.021304557
1.078308111,1.0496864,0.05530584,0.8289340409999999,0.8489022,0.008490247
0.497583263,0.4965899,0.0077177864,0.408558793,0.3580721,0.013644937
0.19138364600000002,0.17988606,0.020081857,0.8574535040000002,0.9426853,0.014389355
0.95863469,0.9927678,0.013742246,0.5253296890000001,0.16034088,0.038417064
0.950599336,0.9709085,0.022914216,0.9474849489999999,0.95315665,0.0061695175
0.42632802999999997,0.41196305,0.008258013,1.0879440689999995,0.9762311,0.022283904
0.685461684,0.6444593,0.009509462,0.673507602,0.7400657,0.023047918
0.6985444779999999,0.4532826,0.008202368,1.192060261,1.2356825,0.02761599
0.489552729,0.4196021,0.034460418,2.2013000540000003,1.9762427,0.0134136835
1.1366069020000003,1.108585,0.012125962,1.6737811839999996,1.5678531,0.053666987
1.1205020949999998,1.121563,0.013363881,0.7450698970000003,0.71174043,0.033253297
1.4776902439999997,1.35377,0.08603211,1.7272962289999998,1.5008621,0.015969682
1.0247183980000003,1.0468814,0.024556898,0.29645552300000005,0.30384228,0.014046472
1.0423037639999997,0.9454266,0.038384173,1.3089269019999998,1.2223958,0.026398104
0.709991444,0.68656814,0.019358167,0.735874289,0.5440618,0.047919642
1.166890899,1.1840141,0.016189968,1.179895986,1.1190174,0.02334652
0.527646895,0.51030105,0.0098295165,0.47516759,0.4074923,0.009079783
0.707900073,0.69837576,0.014217118,0.9414739109999999,1.0027823,0.024353987
0.572886262,0.6499852,0.009068517,1.6585611839999999,1.5454496,0.016015839
0.261996163,0.24847105,0.00965615,1.2605864699999998,1.1362095,0.014995057
0.2872952610000001,0.30790618,0.015399859,0.114221824,0.25005454,0.01444365
1.0431687190000003,1.1013675,0.038538035,0.6088460300000003,0.58862627,0.017819496
1.0008170199999997,1.0270369,0.031129988,-0.19202632600000005,-0.123158656,0.019734688
0.8783000249999999,0.94566333,0.010234732,1.6501310290000002,1.6080189,0.05659996
1.3807315439999999,1.0315361,0.041983973,0.538233926,0.51915354,0.069882624
0.673991604,0.65074235,0.024145853,0.4580559300000001,0.5074152,0.022940207
1.2718106,1.2602751,0.015123844,1.1908198970000001,1.0985606,0.015339836
1.5113110289999998,1.463346,0.009929572,1.4428716040000003,1.216628,0.048700944
0.664961046,0.6691302,0.031003878,0.6159178919999999,0.55940604,0.05956528
1.1561000729999995,1.1166846,0.039467193,0.48605759000000004,0.4074923,0.009079783
1.6412340649999995,1.6427624,0.009202047,0.9030715170000001,1.0791023,0.020726092
1.2485583929999997,1.1640937,0.04111552,1.133955734,1.2733026,0.033379965
0.624470916,0.67022496,0.006420591,-0.07033461500000004,-0.096125335,0.06293651
0.914514868,0.91347134,0.017541943,0.508778445,0.48529044,0.025281128
0.951756699,0.92928267,0.019940393,0.45233759000000007,0.4074923,0.009079783
0.323610558,0.3312762,0.012260451,1.376959652,0.8807495,0.1128158
1.9375176160000005,1.9429411,0.010953137,1.906995277,1.5170351,0.04760502
2.023281932,2.012936,0.0045395857,1.7975306339999997,1.9216871,0.011184237
0.719825899,0.6727564,0.003974806,0.251304405,0.25239,0.048590187
0.5881286630000001,0.56354636,0.028296016,1.0439102439999999,1.0634929,0.035378046
0.6734476020000002,0.70979285,0.023017788,0.6077564889999999,0.5768263,0.042995524
0.389754619,0.42617163,0.02286527,0.5819686630000003,0.5077411,0.06347059
1.1870786649999998,1.1746505,0.01981171,1.8046889059999995,1.7036362,0.025606742
1.596520472,1.5991993,0.033681236,0.6625378920000002,0.52858716,0.05420643
1.23113794,1.1825306,0.043093707,0.5994348680000001,0.643707,0.021470755
0.710291047,0.70908076,0.011976846,1.0992440690000003,0.9650234,0.025939018
0.47561286700000005,0.48214236,0.034897864,0.899380558,0.6430801,0.019657942
0.5736164890000001,0.65817183,0.0334231,0.724384646,0.6252762,0.020212773
0.7627012239999998,0.9009695,0.021470664,0.6786070640000001,0.64179313,0.006831434
0.17043120899999997,0.21898445,0.030596236,0.374642867,0.38831034,0.007376996
0.737120074,0.8893493,0.02565964,1.389077064,1.1767173,0.119210936
1.5886652639999996,1.805883,0.01484913,0.5016106689999998,0.51859295,0.037784863
0.5183951780000002,0.53795373,0.0048947134,0.9187353180000001,0.8413728,0.022404244
0.94978195,0.9635011,0.029821834,0.9248290960000001,0.9298447,0.022216357
0.7452792329999999,0.7351059,0.0041714557,1.194464949,1.0811217,0.032788396
1.3078676179999997,1.2327816,0.02850142,1.0487719319999995,0.9672947,0.010790549
0.554205523,0.55478346,0.031381905,1.5794576179999995,1.5795641,0.026567128
0.883050025,0.8893493,0.02565964,0.80459386,0.80997354,0.0151876295
1.1117346900000002,1.1024139,0.004407327,1.1188402439999996,1.0634929,0.035378046
1.0230169199999999,0.96545094,0.0072848736,1.1231593699999998,1.0719404,0.061777312
1.3272717620000003,1.3557656,0.009351097,0.4367240550000001,0.481009,0.009898474
1.2057381129999996,1.2205024,0.01130627,0.7931300300000002,0.6715349,0.0126135815
1.3087293359999996,1.2995479,0.03268937,0.690894688,0.62994885,0.014297992
1.9498787190000004,1.959049,0.010150613,0.9365920950000002,1.0070107,0.042237107
0.5384732290000002,0.5652599,0.02322224,1.219761625,1.2292445,0.056781653
1.1086684909999998,1.1140912,0.012244662,2.001683728,1.8047268,0.05536943
1.5587576179999998,1.5379242,0.015658535,0.645661328,0.69689465,0.008470223
0.9424908280000002,0.99364454,0.06683937,0.4754210360000001,0.5772713,0.03634971
1.1661208989999998,1.1840141,0.016189968,0.5003031480000002,0.4904799,0.010245211
1.515684922,1.5156199,0.013247095,1.1875809020000003,1.2689556,0.045577705
0.564390749,0.5606474,0.019305138,0.7752789110000001,0.816465,0.031831708
1.016844922,1.0894262,0.024100747,1.0041157339999998,0.85254985,0.06134191
1.1306764700000003,1.1061894,0.008278475,1.155185545,1.2021341,0.0075436016
0.7801542890000002,0.8045149,0.018630596,0.676079671,0.6308675,0.0053335736
0.9611410140000001,0.9383491,0.01019586,1.0649749709999998,1.0718801,0.007182054
0.5427300300000002,0.6341711,0.049513053,1.5045286650000003,1.1975293,0.015571095
0.8123904719999999,0.7695978,0.005572581,1.2815340649999996,1.242501,0.016773246
1.2847305999999998,1.297855,0.002178379,1.0045456549999996,0.9402854,0.006690364
0.4398780299999999,0.39314964,0.006104309,0.7220393150000001,0.76897013,0.021859558
1.1330718409999998,1.1040536,0.027647154,0.8440303530000002,0.79513204,0.02213025
0.4944950920000001,0.52209485,0.022650238,1.4161605999999998,1.3184662,0.029997868
0.6700860860000002,0.6601775,0.008501434,0.7960284540000001,0.8330852,0.026413236
0.4929851559999999,0.536675,0.047107033,0.703330472,0.7615137,0.022559928
1.6447009749999997,1.6995544,0.018747583,0.7371952769999999,0.775745,0.053103715
0.599934688,0.6159603,0.0071373554,0.6570320599999999,0.6952657,0.033257965
1.2028141049999999,1.1986932,0.013858744,0.7668879349999999,0.683448,0.119539976
1.3218609949999998,1.293682,0.016653713,1.9335159580000005,1.9409962,0.050153643
1.24828063,1.1958038,0.015138833,1.4763409749999996,1.4011053,0.007690898
1.0834651559999997,1.0121176,0.023561427,1.34814468,1.3465376,0.023840506
0.8931096939999998,0.94014865,0.01628773,0.8830740410000002,1.0132959,0.021103105
0.392033139,0.39428905,0.021057308,0.46121885100000004,0.2695224,0.043441724
0.7458062620000001,0.6499852,0.009068517,0.5118796889999999,0.4872439,0.019779382
1.049043764,1.073885,0.0159754,1.914148113,1.9292101,0.018352663
0.9222951199999999,0.8864787,0.015270281,0.671747602,0.7047628,0.0037286605
0.8424253179999999,0.85218763,0.011012356,0.741759291,0.8041779,0.021898432
1.006541833,1.0700867,0.034512475,1.0924320949999997,1.296366,0.03665425
0.7010379980000001,0.6221852,0.0046513947,1.2632649489999999,0.9426853,0.014389355
0.49244968899999997,0.50420004,0.020006986,1.2616008989999996,1.1268129,0.016874468
0.6476554790000001,0.6181047,0.020612938,1.2639151779999998,1.0141711,0.094213836
0.9579649490000002,0.9690285,0.0075773117,0.689894688,0.62994885,0.014297992
0.5398348679999999,0.5458549,0.010391287,0.7408384320000001,0.81729686,0.011876875
1.1955686649999997,1.2140607,0.0063724224,1.2559041049999997,1.1907494,0.027792424
1.159748491,1.1254368,0.021934556,1.2028186649999995,1.1726705,0.025131736
0.36210447800000006,0.4532826,0.008202368,1.222844922,1.0499799,0.034015782
1.1272659579999995,1.0745848,0.031282578,0.4558182249999999,0.5000186,0.028609361
1.5071337020000002,1.4472964,0.027028915,0.41961881700000003,0.49315053,0.016682673
0.5174324790000001,0.5045515,0.009686403,0.4718122290000001,0.47324973,0.05143432
0.670836179,0.65735734,0.015014107,0.7756993149999999,0.8146869,0.050455317
0.6504592909999999,0.7986456,0.023337709,1.2971713279999995,1.2359173,0.118696876
0.3368246190000001,0.39880964,0.037946835,0.594193324,0.4423965,0.04873132
1.1696939939999995,1.1988654,0.021491665,0.8682593570000001,0.92479086,0.010019699
1.2994268689999997,1.2466061,0.019852983,0.8808003529999999,0.7598854,0.0647667
0.6732416480000001,0.6503094,0.012974954,0.8462120650000002,0.87587357,0.014133339
0.641403148,0.63852406,0.010085596,0.7984684320000001,0.81729686,0.011876875
1.2028497379999996,1.2503767,0.027146224,0.852280261,0.81551707,0.017691502
0.7693595990000002,0.8330102,0.005699304,0.8118900260000002,0.75138825,0.026501609
0.6911770639999999,0.7783731,0.013944697,0.8842764699999999,0.9001816,0.06927254
1.022250398,1.0468814,0.024556898,0.26403616300000005,0.30524832,0.013763634
1.3706692910000002,1.354174,0.023355111,0.712431047,0.7218353,0.025897725
0.45950461899999995,0.4115859,0.0099172555,1.1820376179999996,1.1906767,0.029532427
0.8864839110000002,0.9383491,0.01019586,0.7799040020000001,0.77750254,0.02411188
1.165126357,1.1927391,0.024674473,0.48218277600000004,0.5718381,0.012443677
0.8016037550000001,0.7959716,0.017218292,1.034568943,1.0090058,0.023125285
1.005148943,1.0280355,0.023204213,0.72491195,0.75096107,0.025746813
1.466783652,1.5225837,0.021523315,0.6895600300000001,0.6715349,0.0126135815
0.598650652,0.60386145,0.021152563,1.581833865,1.2287538,0.028798968
0.9975667369999999,1.0575542,0.034226947,1.6301184319999997,1.6160858,0.010829432
1.491687618,1.500237,0.0128605375,1.265219244,1.241216,0.033956982
0.648204677,0.6717531,0.025815753,1.146925328,0.9556016,0.03922075
0.6772638650000002,0.69138175,0.015728744,0.43981370200000003,0.46483946,0.029000325
-0.8047230329999999,-0.74772614,0.03118011,0.6468395989999999,0.75606096,0.012621842
1.497698432,1.5379242,0.015658535,0.8591338690000001,0.96091735,0.025682824
0.988805156,1.0121176,0.023561427,1.2363344050000002,1.2824638,0.050841134
0.6876876020000002,0.6800999,0.024047535,0.8895232629999998,0.8257512,0.019627346
1.9033532019999995,1.9479554,0.012959885,0.5895892830000002,0.5243224,0.022940982
1.1377189429999996,1.1342213,0.024343913,1.0125196939999999,0.92316896,0.038264073
0.7363506329999999,0.80595034,0.06062911,0.6374436520000001,0.62777686,0.032462288
0.5690149250000001,0.5362232,0.027963467,0.43755461900000003,0.22135231,0.01975844
1.9124640689999999,1.9911067,0.017467827,0.6912810460000001,0.7113057,0.020725908
0.831780634,0.8415041,0.028874116,1.0426735130000002,0.84207547,0.018737026
0.5658218279999999,0.53950566,0.038450323,1.1009469020000002,1.0723512,0.0154902395
0.4561554790000001,0.4349503,0.012290002,1.1230108990000003,1.1268129,0.016874468
0.6987037550000001,0.7181964,0.036659624,1.3177729839999996,1.3298454,0.012961831
0.8630838690000002,0.8687069,0.019298034,0.8524639109999999,0.79509234,0.088191725
0.7808442890000001,0.773552,0.030398102,1.2928422249999996,1.2641325,0.009793108
1.131798111,1.1255925,0.029527271,1.642344065,1.7590964,0.011679373
1.384346357,1.3417717,0.030324185,0.664206086,0.60250103,0.020092046
1.2605459860000001,1.2816141,0.027408369,1.9664596940000005,1.9631784,0.056986496
1.212027484,1.2176998,0.015904939,0.80378386,0.80997354,0.0151876295
0.5873824030000001,0.5341401,0.054945774,0.5015255019999999,0.5669016,0.012564363
1.4858418409999998,1.4794595,0.043012567,1.1063371639999995,0.9567893,0.0657247
0.44839822499999993,0.45127225,0.010019389,-0.795330333,-0.124568954,0.05842626
1.12586469,1.1343132,0.00694471,1.5957353849999996,1.5031672,0.052653857
0.644431443,0.6407019,0.0048051053,0.8801805130000002,0.7556241,0.017620929
1.868876599,1.9233688,0.011053284,0.8742312240000001,0.8455349,0.021567209
1.1329920950000003,1.121563,0.013363881,0.7844910289999999,0.74797827,0.011306096
1.0021717619999997,0.95084035,0.028133089,1.9597837640000004,2.0790985,0.039816115
-0.175010793,-0.20260687,0.032409016,1.6189169589999999,1.2216929,0.042783696
1.5349305999999998,1.5195582,0.030386792,0.886110025,0.91840047,0.024017336
0.5537055229999999,0.55478346,0.031381905,1.1772893700000002,1.1736085,0.027164003
0.671717602,0.6965497,0.0057215677,0.7420832290000001,0.5595142,0.027060704
0.5518407879999999,0.5494714,0.031750944,0.6606241549999999,0.93657064,0.08390645
0.680789218,0.48690304,0.0151611455,1.5450759860000003,1.5888027,0.035936605
1.3235790449999996,1.3018571,0.03546013,0.743940074,0.91840047,0.024017336
1.2393653279999999,1.2500566,0.018424412,0.9539349749999999,0.9851319,0.032942925
1.127995277,1.1055806,0.0077296933,0.505595502,0.5669016,0.012564363
0.44337881700000004,0.4749062,0.011338415,0.8632223770000003,1.0302567,0.016681649
1.5923118239999996,1.6293843,0.02690767,0.6255316249999999,0.68430257,0.008174558
0.9392913980000002,0.8570491,0.029189395,1.0854448899999998,1.387801,0.016197063
0.8402513280000001,0.9247506,0.015687607,1.28931635,1.3048979,0.019438617
1.4334859299999998,1.2629248,0.014210223,0.6521416840000002,0.631518,0.007941379
1.3781819019999997,0.90499544,0.10818328,,,
1.0330012410000002,1.0456731,0.024242584,,,
0.6025396709999999,0.55013347,0.013802784,,,
1.7186397379999998,1.4056957,0.0052317767,,,
0.4669547019999999,0.4877247,0.016659565,,,
0.8309714840000002,0.83853465,0.01722437,,,
0.944186906,0.9603559,0.043697022,,,
2.1928427289999997,2.1657832,0.028582258,,,
0.5715286630000003,0.56354636,0.028296016,,,
0.3924587929999999,0.37951583,0.0051926663,,,
1.314553794,1.3066374,0.014111401,,,
0.8357257340000002,0.85352564,0.010590549,,,
0.9644720600000001,0.94713134,0.015061695,,,
0.664781444,0.6470326,0.018517341,,,
0.500479671,0.55013347,0.013802784,,,
1.2655653280000003,1.2510979,0.0152121615,,,
0.518926895,0.36443213,0.009014012,,,
1.086942984,1.1104023,0.024087878,,,
0.948473755,0.92753506,0.014964936,,,
1.0771570199999998,1.1004766,0.015909132,,,
0.633721036,0.6952454,0.037413362,,,
1.4095888169999997,1.4434875,0.015519746,,,
0.7772884190000002,0.8199995,0.009580693,,,
0.8415435039999999,0.93046457,0.01662349,,,
1.5125609949999996,1.5031805,0.018820357,,,
0.8332335040000001,0.93046457,0.01662349,,,
0.569708663,0.578225,0.0054385555,,,
0.6566792909999999,0.77721614,0.04165977,,,
0.69695794,0.68996257,0.02335252,,,
1.6982396639999995,1.4230726,0.0104828095,,,
0.8429852610000002,0.8368467,0.0140369665,,,
1.3599164590000001,1.3116479,0.011806476,,,
0.6189064890000002,0.5941913,0.031059574,,,
1.1679184189999996,1.209483,0.013426509,,,
0.7964119500000002,0.8349571,0.013974464,,,
0.9820820950000002,0.9370225,0.04427731,,,
0.504679244,0.5144685,0.0114178285,,,
0.6448962620000003,0.6903655,0.017366784,,,
0.747749897,0.7235573,0.008020444,,,
1.0368820949999995,1.0640409,0.024685914,,,
-0.205344615,-0.15222453,0.012373214,,,
0.5556748679999999,0.5458549,0.010391287,,,
1.2915592910000002,1.1314968,0.037226267,,,
1.172112729,1.1605376,0.046308286,,,
1.722961684,1.6712834,0.014230635,,,
1.1096071639999998,1.0620162,0.084998816,,,
0.8219239940000003,0.75833124,0.015136625,,,
0.7618804719999999,0.75623965,0.020283883,,,
0.9580015019999999,0.8914126,0.02581681,,,
0.6694060860000002,0.6601775,0.008501434,,,
0.4658122290000001,0.46453047,0.022624414,,,
0.798729218,0.7323798,0.010168383,,,
0.9584459580000002,0.9747697,0.020572416,,,
0.687993755,0.6750356,0.03313945,,,
1.7789413339999993,1.8252112,0.017754633,,,
0.584279652,0.6188056,0.04261556,,,
1.635093994,1.3650215,0.030478738,,,
1.6974972830000001,1.6955513,0.013983357,,,
0.7906950920000001,0.8055407,0.018914353,,,
1.374273702,1.4472964,0.027028915,,,
0.6959254269999999,0.72898257,0.024325399,,,
1.5194162290000002,1.5288064,0.025044557,,,
1.2446799429999997,1.2432314,0.014663252,,,
0.6465714430000001,0.6407019,0.0048051053,,,
0.6399618289999999,0.75172204,0.0065141185,,,
1.0338859579999997,1.0363863,0.01580223,,,
0.35740003000000004,0.4747162,0.020329464,,,
1.4816453020000002,1.4820604,0.041580882,,,
0.9489915169999998,0.949965,0.010571182,,,
0.8298036800000002,0.87900573,0.013401092,,,
0.27203008899999986,0.29911324,0.011933154,,,
1.1392308280000003,1.1631424,0.018693596,,,
1.12206937,1.1607265,0.025275167,,,
0.7979184540000002,0.8480522,0.028848296,,,
1.5896716839999996,1.5379242,0.015658535,,,
1.0876470200000001,1.0238159,0.010436764,,,
0.771730263,0.7685722,0.022794997,,,
0.6427314429999998,0.6407019,0.0048051053,,,
1.1004484449999998,1.0347426,0.014049231,,,
0.41398515599999997,0.42979145,0.008855813,,,
1.0293638449999996,1.0496428,0.013847807,,,
0.5019606689999999,0.5069684,0.019960506,,,
1.4634718289999997,1.5509692,0.017284987,,,
0.8180917990000001,0.77366453,0.035426844,,,
0.6897679979999999,0.677716,0.00856128,,,
0.9731610140000002,0.96993494,0.010739634,,,
0.7005582250000001,0.70816004,0.0088985395,,,
0.9628793360000001,0.9709085,0.022914216,,,
0.879993869,0.8687069,0.019298034,,,
1.635561648,1.6428496,0.0071340553,,,
1.086786737,1.0871533,0.05358943,,,
0.5223151780000002,0.53795373,0.0048947134,,,
0.5557748680000001,0.5458549,0.010391287,,,
0.7857840019999999,0.8005039,0.016634949,,,
0.28757526100000014,0.28397268,0.005486899,,,
0.916899315,0.87105846,0.040877983,,,
1.0185744779999997,1.0316995,0.023317788,,,
1.7408331389999998,1.6995518,0.010031046,,,
1.076791087,1.0216782,0.010613928,,,
1.8218681110000001,1.850445,0.008386089,,,
0.7740193150000001,0.7944164,0.038521424,,,
0.8409558250000002,0.8507158,0.0076296716,,,
1.2525659860000002,1.2715032,0.023806136,,,
1.380644922,1.372274,0.012708889,,,
0.6728576019999999,0.6965497,0.0057215677,,,
1.255456959,1.2713492,0.04228474,,,
1.4183302629999999,1.4206718,0.011489753,,,
0.8773402609999998,0.87806445,0.013795948,,,
0.40525803000000005,0.41196305,0.008258013,,,
0.7115592330000001,0.6435706,0.05089371,,,
1.6630504719999997,1.6684713,0.029245004,,,
1.4324008989999995,1.4066215,0.018816361,,,
1.2413864590000003,1.2658293,0.025170859,,,
0.8447327760000001,0.79059255,0.016492918,,,
0.6772227759999999,0.6475717,0.011599283,,,
1.2215859860000002,1.1978565,0.024516694,,,
0.6330746769999999,0.6477522,0.04592159,,,
1.127899244,1.0601063,0.0049731503,,,
0.9236883770000001,0.9412881,0.025052909,,,
1.9861608279999996,1.9971882,0.01809568,,,
1.209316459,1.2778094,0.026009176,,,
0.6353409159999999,0.67022496,0.006420591,,,
0.4406737019999999,0.4614099,0.020936517,,,
0.6847690450000001,0.7021778,0.010291848,,,
0.8647454490000002,0.8608097,0.013009966,,,
0.49204461899999996,0.5092117,0.02735485,,,
0.8083738599999999,0.8335045,0.0073372186,,,
1.0681137639999998,1.0202541,0.010824688,,,
0.8409151200000002,0.8864787,0.015270281,,,
1.1778523800000003,1.2099625,0.026808523,,,
0.3927728670000001,0.38517904,0.006305617,,,
1.2090799429999997,1.2432314,0.014663252,,,
1.2524346800000001,1.2710723,0.011359932,,,
0.73428003,0.6952454,0.037413362,,,
0.8337324030000002,0.8872194,0.0063837185,,,
1.4000196940000003,1.3523991,0.013145464,,,
0.692447164,0.71623176,0.0070309937,,,
0.9284717620000003,0.90015125,0.014036663,,,
0.8925037550000001,0.9008697,0.022481108,,,
1.1901755449999996,1.2545383,0.028823914,,,
1.2128548899999998,1.276061,0.0444927,,,
1.1316612409999998,1.1958038,0.015138833,,,
1.0734138689999997,1.0780632,0.043975543,,,
0.4924051559999999,0.536675,0.047107033,,,
1.11737647,1.1061894,0.008278475,,,
0.8917102609999998,0.87806445,0.013795948,,,
0.5672117859999999,0.5770353,0.018544113,,,
0.6501946880000001,0.6159603,0.0071373554,,,
0.4380354270000001,0.42536345,0.030094817,,,
0.866555449,0.8608097,0.013009966,,,
0.570698663,0.578225,0.0054385555,,,
1.1604942889999996,1.1551553,0.017655624,,,
1.7819100259999998,1.8654,0.016335556,,,
0.45496659900000014,0.5186978,0.016473537,,,
0.5051865990000001,0.49409476,0.044971094,,,
2.2457237280000006,2.2415226,0.010363379,,,
0.601882229,0.6336343,0.01178931,,,
1.2027593699999997,1.2056412,0.022835713,,,
1.2263363570000003,1.1927391,0.024674473,,,
0.858995264,0.7243918,0.018301653,,,
0.767254041,0.8155696,0.014755015,,,
1.2773129999999997,1.2645614,0.0062887454,,,
1.096321841,1.0961136,0.01356213,,,
0.12175120900000005,0.074092515,0.015777538,,,
0.9287590960000001,0.91065615,0.013515535,,,
0.721216223,0.7045188,0.02755584,,,
0.25231440499999996,0.27684122,0.035385232,,,
0.9725123769999999,0.9779102,0.040774852,,,
0.559730749,0.56470263,0.021895599,,,
0.5012406690000002,0.5069684,0.019960506,,,
0.8683395990000002,0.8330102,0.005699304,,,
1.390223765,1.3851564,0.014693476,,,
0.840995261,0.8368467,0.0140369665,,,
0.3586519579999999,0.37496537,0.019782558,,,
0.8830843529999999,0.8262699,0.018860793,,,
0.7833994740000001,0.7582539,0.013901668,,,
0.538769671,0.55013347,0.013802784,,,
1.7061716479999998,1.7561318,0.017572934,,,
1.0351675900000001,1.0038601,0.01300446,,,
0.750096599,0.7496676,0.017640801,,,
0.5810288170000001,0.6115863,0.01153532,,,
1.2858563499999998,1.3116515,0.020697763,,,
0.8321640410000002,0.8344754,0.009853357,,,
1.9410493570000003,1.966678,0.03883308,,,
1.344861241,1.3707259,0.022505056,,,
0.4139451559999999,0.42979145,0.008855813,,,
1.1254435039999997,1.1494728,0.015933592,,,
1.761921991,1.4777175,0.018404668,,,
0.8891123330000001,0.9061664,0.011628522,,,
1.942533504,2.005376,0.017577965,,,
1.6045229769999998,1.5853152,0.023096532,,,
1.4034215440000002,1.0315361,0.041983973,,,
0.5155731479999999,0.5117249,0.014379731,,,
0.84676803,0.8684608,0.019708658,,,
0.8463852610000002,0.84881,0.011572812,,,
2.0133361629999995,1.99701,0.02109398,,,
1.562310995,1.535414,0.009400129,,,
0.6054252640000001,0.62080646,0.017763223,,,
0.6876876020000002,0.6800999,0.024047535,,,
0.6820890449999999,0.69285977,0.007810954,,,
1.1453341550000002,0.90499544,0.10818328,,,
1.6495310289999998,1.6560545,0.01562973,,,
0.8400544780000001,0.8448025,0.010819526,,,
0.9551532020000002,0.8605329,0.017956931,,,
0.31680195800000005,0.35139486,0.011757536,,,
1.870591799,1.9482231,0.010689469,,,
1.3180137940000003,1.381469,0.021658435,,,
1.808486357,1.8982416,0.022582265,,,
1.2524760300000002,1.2530569,0.010017933,,,
1.2796254490000003,1.2610248,0.031413797,,,
0.296835523,0.30834657,0.01572273,,,
0.896735427,0.96576107,0.006799699,,,
0.954486699,0.92928267,0.019940393,,,
0.8749706340000001,0.8415041,0.028874116,,,
0.713951047,0.70908076,0.011976846,,,
1.635722977,1.7370365,0.018940093,,,
0.6989516480000002,0.6471104,0.014496113,,,
0.28910526100000006,0.28397268,0.005486899,,,
1.4668659300000002,1.2679664,0.028570905,,,
1.3436051199999997,1.3433048,0.020612985,,,
0.22917669899999998,0.21477449,0.014310354,,,
0.9219212239999999,0.92797005,0.014017059,,,
2.0563137639999995,2.0576177,0.011306969,,,
1.260669943,1.2415397,0.020010956,,,
0.548724868,0.5458549,0.010391287,,,
1.175335318,1.183393,0.028677111,,,
1.550497602,1.5379242,0.015658535,,,
1.5150026519999997,1.5225837,0.021523315,,,
0.6454913280000001,0.5341401,0.054945774,,,
0.6177799060000001,0.36443213,0.009014012,,,
1.6961431389999997,1.6995518,0.010031046,,,
0.76110596,0.7344001,0.027576985,,,
0.748929233,0.7848173,0.022234967,,,
0.9930662289999999,1.0223337,0.008489815,,,
0.701071538,0.7174541,0.027937703,,,
0.550134646,0.5926774,0.0150246415,,,
1.6136330349999999,1.5872533,0.009660774,,,
0.795849897,0.7235573,0.008020444,,,
1.077523869,1.0780632,0.043975543,,,
0.490613324,0.44858003,0.00703029,,,
0.9069323770000002,0.9428194,0.007592721,,,
1.1218348899999995,1.351764,0.008676597,,,
1.8747250919999998,1.9227426,0.014632389,,,
0.434049738,0.5078186,0.024075944,,,
0.5150131480000002,0.5117249,0.014379731,,,
2.0269051199999994,2.0837655,0.0121834185,,,
0.629850633,0.6461818,0.01812021,,,
1.1762708990000001,1.1840141,0.016189968,,,
0.567039664,0.61034286,0.086323224,,,
0.7273011609999999,0.74508536,0.008096693,,,
1.2860204270000002,1.300339,0.026282057,,,
0.8473434840000003,0.85134155,0.04646716,,,
1.0266781109999996,1.1176772,0.009161846,,,
1.5028149219999996,1.5379242,0.015658535,,,
0.978011014,0.96993494,0.010739634,,,
0.6570034419999999,0.6923056,0.01657068,,,
1.1205020949999998,1.121563,0.013363881,,,
0.573235502,0.52993006,0.0024087708,,,
1.339153263,1.3148395,0.014227368,,,
0.857972065,0.91798496,0.008189332,,,
0.9288158250000003,0.9227152,0.0127558205,,,
0.8761454490000002,0.88334846,0.007724579,,,
0.6536316250000002,0.68071926,0.017980304,,,
0.9521410140000002,0.96993494,0.010739634,,,
1.480314069,1.4601915,0.03595002,,,
0.6791654270000002,0.6970326,0.009982952,,,
1.373130263,1.4206718,0.011489753,,,
0.46545854099999995,0.49082145,0.019223362,,,
1.2612546800000002,1.2710723,0.011359932,,,
1.2674672279999994,1.2992429,0.008974541,,,
0.47339944600000006,0.560186,0.030281696,,,
1.3890169019999998,1.315768,0.0058859247,,,
0.364230558,0.3202281,0.008819121,,,
0.553310788,0.5494714,0.031750944,,,
0.5971360299999999,0.6159607,0.0167252,,,
0.60165386,0.5860734,0.0062976396,,,
0.598641047,0.5939709,0.005649723,,,
0.6801940350000002,0.6450121,0.01692733,,,
1.1801038649999998,1.2111202,0.019163033,,,
0.691991184,0.7154201,0.014750692,,,
1.513872977,1.4435894,0.03157219,,,
1.101670427,1.0682399,0.011518251,,,
0.9915289430000003,1.0280355,0.023204213,,,
1.0288952929999997,1.055189,0.011877059,,,
0.24070440499999984,0.23479442,0.032734256,,,
0.669245277,0.64355475,0.039370026,,,
0.552800749,0.5606474,0.019305138,,,
1.140356489,1.1083776,0.049430426,,,
1.1312639939999996,1.1582873,0.017354308,,,
0.5164324789999999,0.5045515,0.009686403,,,
0.558751786,0.5770353,0.018544113,,,
1.0586837639999997,1.073885,0.0159754,,,
0.5974893149999999,0.6711999,0.05013058,,,
0.606805264,0.6360745,0.016862446,,,
1.874245958,1.9193577,0.028279772,,,
0.4205088170000001,0.46183595,0.018205134,,,
1.30901468,1.2710723,0.011359932,,,
0.48898091599999993,0.48418275,0.025611514,,,
0.331903702,0.37225726,0.0111168865,,,
0.45748822499999997,0.4661201,0.028206699,,,
0.6283432290000002,0.61048985,0.01968701,,,
0.906859353,0.8262699,0.018860793,,,
0.44296405500000013,0.485891,0.01788815,,,
1.0792349219999997,1.1067971,0.021493915,,,
0.9541053020000001,0.9300626,0.016703948,,,
0.6788190450000001,0.69285977,0.007810954,,,
0.8780192180000002,0.8742937,0.012461262,,,
0.6458479979999999,0.6668507,0.015996289,,,
1.3791619019999999,0.90499544,0.10818328,,,
0.8997432630000001,0.85586816,0.013540189,,,
1.2415806299999999,1.2350167,0.013409433,,,
1.287852225,1.2651372,0.013001325,,,
0.686851604,0.68768424,0.026967505,,,
0.8533902610000001,0.87806445,0.013795948,,,
1.248300749,1.2510697,0.0151354065,,,
0.5979248679999999,0.618222,0.019081093,,,
0.805129218,0.78286636,0.017162217,,,
0.7351510269999999,0.68454194,0.014308793,,,
1.166948393,1.1512301,0.03359543,,,
1.1171746899999995,1.1343132,0.00694471,,,
0.6852310270000002,0.68454194,0.014308793,,,
1.0601245129999999,1.0771334,0.026583353,,,
0.9128593570000001,0.91460645,0.015133128,,,
0.928272333,0.92801017,0.004027848,,,
2.1650251199999997,2.0837655,0.0121834185,,,
0.6275818290000001,0.61707467,0.027629199,,,
0.6752424030000002,0.5341401,0.054945774,,,
0.756494289,0.7397632,0.019468764,,,
0.687461786,0.7051496,0.02550634,,,
0.66028794,0.68996257,0.02335252,,,
0.903592333,0.9061664,0.011628522,,,
0.947904949,0.9528326,0.01704551,,,
0.4572485409999999,0.4575171,0.012698327,,,
0.4646385409999999,0.49082145,0.019223362,,,
0.74582195,0.7744656,0.020841913,,,
1.7233406329999998,1.4480315,0.0098170005,,,
0.7755220879999999,0.7981438,0.013389595,,,
2.048321241,2.054214,0.013191349,,,
0.678089474,0.66724336,0.010898167,,,
1.2258519909999996,1.4777175,0.018404668,,,
0.630039357,0.6470373,0.014787236,,,
0.8816146770000002,0.8973859,0.023204293,,,
0.9429658250000001,0.7735338,0.01622526,,,
0.6004460299999999,0.6159607,0.0167252,,,
1.183780749,1.1749738,0.04916491,,,
0.608674155,0.5341401,0.054945774,,,
1.0470618409999999,1.0448452,0.00973322,,,
1.6449478919999998,1.6110897,0.021449659,,,
0.985429244,1.0601063,0.0049731503,,,
1.16047702,1.1844829,0.024149118,,,
0.670784975,0.66997397,0.029160453,,,
1.363508113,1.3374339,0.004754208,,,
1.30846468,1.2953925,0.046108853,,,
0.66178003,0.72002214,0.02467058,,,
0.6884711840000001,0.7154201,0.014750692,,,
0.8212837640000001,0.79792476,0.03518756,,,
0.9104724030000002,0.8872194,0.0063837185,,,
1.0335120949999996,1.0257006,0.02583437,,,
0.7831987930000002,0.7833265,0.0076201656,,,
0.902184646,0.88205135,0.017883707,,,
0.575146022,0.59215987,0.0062213554,,,
0.6416893569999998,0.6653997,0.014822427,,,
0.7509684319999999,0.76953727,0.012986761,,,
1.281300902,1.3104267,0.023017133,,,
0.506609689,0.48265997,0.007158185,,,
0.40532803000000006,0.41196305,0.008258013,,,
1.0550564589999996,1.0682924,0.019405717,,,
0.7560410290000001,0.79558134,0.004705909,,,
-0.152836326,-0.1574244,0.01960986,,,
0.6504416840000002,0.65284663,0.015154543,,,
0.6613918329999999,0.6261805,0.05894637,,,
0.7309776020000001,0.75034684,0.008098851,,,
1.6283440649999998,1.6205375,0.012029909,,,
1.423819433,1.4006842,0.019599454,,,
0.8865140410000001,0.8155696,0.014755015,,,
0.47315944600000004,0.5341401,0.054945774,,,
1.818997892,1.7779125,0.02218504,,,
0.6687694740000001,0.6796541,0.024583908,,,
1.4543755019999998,1.4693611,0.013212374,,,
0.8087915380000001,0.8010212,0.016774138,,,
1.1486410139999996,1.1375611,0.06571244,,,
0.419350263,0.43053967,0.010567401,,,
0.39347332399999996,0.44858003,0.00703029,,,
0.9653320649999999,0.91798496,0.008189332,,,
0.8257017990000002,0.7001188,0.025216512,,,
1.114290427,1.0682399,0.011518251,,,
0.5525855230000001,0.55478346,0.031381905,,,
0.9781723770000001,0.97266054,0.016297098,,,
1.04532702,1.088738,0.017602125,,,
0.4957484449999999,0.47762623,0.011811161,,,
1.857942977,1.7370365,0.018940093,,,
0.6439890349999999,0.65680534,0.014682961,,,
0.937951502,0.94566333,0.010234732,,,
0.8129144779999999,0.8270116,0.016476573,,,
0.6605016839999999,0.65284663,0.015154543,,,
0.7042412240000002,0.9009695,0.021470664,,,
0.601510054,0.66073775,0.0631601,,,
0.7272237639999999,0.79792476,0.03518756,,,
1.1064264589999997,1.0875448,0.03443231,,,
1.4461559860000002,1.4336784,0.011089117,,,
0.7273539940000002,0.75833124,0.015136625,,,
0.8405957340000001,0.85352564,0.010590549,,,
1.0200289429999998,1.0432844,0.008107671,,,
0.772652088,0.7981438,0.013389595,,,
0.6435595990000003,0.6728952,0.009916334,,,
0.6515536520000003,0.67289925,0.015192629,,,
0.6674760859999999,0.6601775,0.008501434,,,
0.5887910470000001,0.5939709,0.005649723,,,
0.8407458250000002,0.8261922,0.015131686,,,
1.9424669199999998,2.008333,0.012830544,,,
0.46856759000000003,0.41576767,0.0048478236,,,
0.6019587189999999,0.5979934,0.024212226,,,
0.47277592999999996,0.50299335,0.014968339,,,
-0.685473033,-0.74772614,0.03118011,,,
1.5997718289999998,1.6600535,0.014884137,,,
0.12106120899999998,0.121613465,0.029260876,,,
0.705011538,0.7411546,0.00764903,,,
0.49497091599999987,0.48418275,0.025611514,,,
1.6412306299999995,1.5985993,0.029330349,,,
0.315774925,0.29931486,0.01824293,,,
0.914765734,0.85352564,0.010590549,,,
0.429145156,0.42979145,0.008855813,,,
1.9635899429999992,1.970967,0.010187927,,,
0.7042710469999999,0.7147406,0.018427275,,,
0.675117064,0.65423965,0.01882533,,,
0.630613652,0.60386145,0.021152563,,,
0.6360211610000002,0.61038923,0.012115989,,,
1.9721452639999995,1.805883,0.01484913,,,
0.5677818329999998,0.60692394,0.01067685,,,
0.636581036,0.72002214,0.02467058,,,
0.7373767370000001,0.6573802,0.044297215,,,
0.871962466,0.7462502,0.010258822,,,
1.955475092,1.9227426,0.014632389,,,
1.068186902,1.0892055,0.02214664,,,
1.2225497379999999,1.2550585,0.017076721,,,
0.8839056349999999,0.9001897,0.019103445,,,
0.650710633,0.6461818,0.01812021,,,
1.4462388169999996,1.4434875,0.015519746,,,
1.1061749219999994,1.0585687,0.014920052,,,
1.160143994,1.3650215,0.030478738,,,
2.0377764700000003,2.0119123,0.017427128,,,
0.6587438600000002,0.6255342,0.02727198,,,
1.908038113,1.916836,0.013360995,,,
0.452782229,0.46453047,0.022624414,,,
1.0332494739999998,1.0247916,0.038406987,,,
0.916433728,0.9708322,0.022160947,,,
0.48565002599999996,0.6712784,0.021920836,,,
0.8159652609999999,0.80180913,0.0093177315,,,
1.5612915019999998,1.5379242,0.015658535,,,
0.454308225,0.46245247,0.0357152,,,
0.40889921800000006,0.48690304,0.0151611455,,,
0.8813558990000001,0.7239016,0.017579537,,,
1.2411153279999996,1.1314968,0.037226267,,,
0.6154552640000002,0.63017964,0.027585998,,,
0.8585633240000001,0.8168357,0.05987561,,,
0.9606815020000001,0.8914126,0.02581681,,,
0.452442229,0.46453047,0.022624414,,,
1.1549587930000003,1.0633047,0.027596183,,,
0.66190206,0.68825185,0.0068034967,,,
0.6645760860000001,0.6601775,0.008501434,,,
0.9451456549999999,0.93518955,0.02002321,,,
1.747351209,1.761735,0.011398323,,,
1.403431029,1.463346,0.009929572,,,
0.9178962619999999,0.85447425,0.009547758,,,
0.5385784540000003,0.55118597,0.00868524,,,
0.5380148680000001,0.5458549,0.010391287,,,
1.2083146189999996,1.2444187,0.012809054,,,
0.69242206,0.68825185,0.0068034967,,,
1.0328859579999998,0.9752814,0.021302776,,,
1.8926339110000003,1.8594229,0.01196364,,,
1.1649553279999998,1.1840878,0.012483528,,,
1.6330424789999998,1.4571441,0.009692701,,,
0.3950761630000001,0.32674915,0.012235633,,,
0.961125318,0.9295818,0.053698074,,,
0.790113484,0.8207547,0.020354567,,,
1.28347063,1.1692647,0.011421662,,,
0.735463994,0.7367459,0.014358294,,,
0.318793646,0.3083852,0.035168674,,,
1.0038949709999996,1.0401717,0.0065506203,,,
0.951766699,0.92928267,0.019940393,,,
1.6005536999999994,1.5562644,0.011904701,,,
1.7464979350000003,1.9132719,0.008538235,,,
0.559250749,0.5763299,0.013557752,,,
1.358430899,1.3820232,0.0097740255,,,
0.3753728669999999,0.38517904,0.006305617,,,
0.42819529300000003,0.439078,0.007301351,,,
1.06878702,1.0768974,0.014885699,,,
1.2968093530000002,1.3775809,0.019739999,,,
1.363027228,1.3480235,0.0269608,,,
1.0610438689999995,1.0780632,0.043975543,,,
1.0584004270000003,1.0682399,0.011518251,,,
1.041737998,1.0579107,0.01298242,,,
1.22299512,1.2215443,0.030405937,,,
0.7338318280000002,0.73685306,0.005620492,,,
1.3307972279999998,1.2992429,0.008974541,,,
1.1488753279999997,1.128339,0.049500626,,,
0.650991639,0.6485218,0.03653507,,,
2.0520183930000004,1.9247453,0.021020927,,,
1.979683202,1.9479554,0.012959885,,,
0.6026819320000001,0.64089364,0.014187096,,,
1.8144039109999999,1.8594229,0.01196364,,,
1.3129610869999997,1.3310765,0.030262163,,,
0.657361648,0.6471104,0.014496113,,,
1.067411087,1.1014578,0.01735565,,,
0.9264266420000002,0.98752224,0.009742944,,,
0.9312012240000003,0.9276458,0.01200462,,,
0.4417597380000001,0.43356532,0.012130253,,,
0.6522716250000001,0.65284663,0.015154543,,,
0.5169924789999999,0.5045515,0.009686403,,,
1.785367618,1.7758011,0.0320119,,,
0.7482637280000002,0.76454794,0.03793158,,,
0.922641517,1.1314968,0.037226267,,,
1.149438111,1.1176772,0.009161846,,,
0.6914571640000001,0.71623176,0.0070309937,,,
1.2299884540000001,1.2691993,0.011676614,,,
1.1153238449999996,1.0973923,0.014318999,,,
-0.09786655799999999,-0.061172534,0.021956375,,,
0.784848793,0.7833265,0.0076201656,,,
1.4071538449999998,1.4073542,0.036830496,,,
1.5659923800000002,1.6020142,0.0083717685,,,
0.8086960220000001,0.8448025,0.010819526,,,
1.0975969590000003,1.1019781,0.017421937,,,
1.712578035,1.697148,0.013457874,,,
0.15324055800000003,0.36443213,0.009014012,,,
1.2404538649999999,1.2669644,0.025211725,,,
0.6940546880000003,0.6506234,0.010606757,,,
0.4497159300000001,0.48809886,0.016376251,,,
1.181800828,1.1176772,0.009161846,,,
0.4405840550000001,0.485891,0.01788815,,,
1.3751819019999998,0.90499544,0.10818328,,,
0.6373637550000001,0.66256624,0.02254257,,,
1.3116640549999998,1.2968639,0.050227016,,,
0.9136866420000003,0.95095766,0.025119612,,,
1.1943489429999998,1.2104013,0.053822994,,,
0.7293710459999999,0.79407483,0.0046824473,,,
0.6268286520000002,0.62609756,0.0264696,,,
1.0020966419999997,0.98752224,0.009742944,,,
1.2373289429999998,1.2185326,0.03270228,,,
0.4037480299999999,0.41196305,0.008258013,,,
0.49764844499999994,0.50310373,0.012794527,,,
0.9656067370000001,0.99154633,0.013864543,,,
0.9133762620000001,0.79092455,0.012339359,,,
0.752917602,0.6965497,0.0057215677,,,
1.140291029,1.1682144,0.03476259,,,
0.9626015020000003,0.7986456,0.023337709,,,
1.1950859860000003,1.1870916,0.010164964,,,
1.960511828,2.0451782,0.0226831,,,
1.476393926,1.4938291,0.015789296,,,
0.65343794,0.6647809,0.03243406,,,
1.0123546769999996,1.0462074,0.010160802,,,
1.2069441049999998,1.1986932,0.013858744,,,
0.8650225130000002,0.8588198,0.021600345,,,
0.977243764,0.9789012,0.031164503,,,
0.645260788,0.66758585,0.030089399,,,
1.3842866990000002,1.3476732,0.00647538,,,
0.5735364890000001,0.5941913,0.031059574,,,
0.8266972280000002,0.82417643,0.008326846,,,
2.0819563569999997,1.8982416,0.022582265,,,
0.5774013279999999,0.5341401,0.054945774,,,
0.07085322900000002,0.09136657,0.03462794,,,
0.5670996639999999,0.5808375,0.0097148465,,,
0.9212390960000001,0.90595376,0.03088561,,,
0.8270436799999998,0.87900573,0.013401092,,,
0.634001046,0.64012235,0.0159801,,,
1.4762800249999997,1.5049725,0.021283388,,,
0.7140600729999999,0.6879884,0.015629917,,,
0.5990167370000001,0.7506214,0.030821672,,,
0.8277600300000001,0.8448025,0.010819526,,,
0.6649613280000002,0.90499544,0.10818328,,,
0.9770717620000001,0.9936641,0.014336808,,,
0.5043892440000002,0.5144685,0.0114178285,,,
0.659756596,0.6696329,0.013696722,,,
0.8103619500000001,0.7949682,0.027994486,,,
1.128342065,1.028286,0.02494905,,,
1.4482409949999997,1.4420543,0.024688883,,,
0.7351784319999999,0.76953727,0.012986761,,,
1.230620902,1.1990888,0.031436983,,,
1.037416642,1.0418718,0.004672659,,,
0.5930596709999999,0.55013347,0.013802784,,,
1.1658853279999999,1.1787658,0.014736644,,,
1.1389093700000001,1.1333768,0.0121373385,,,
0.7188624289999999,0.74991935,0.049384493,,,
1.0817538449999997,1.0664898,0.034923617,,,
1.2524620649999998,1.2329745,0.010446913,,,
0.6508392910000003,0.7986456,0.023337709,,,
0.8344140020000002,0.8577191,0.03061459,,,
0.512076895,0.51030105,0.0098295165,,,
0.8619235040000002,0.93046457,0.01662349,,,
0.8268936800000002,0.87900573,0.013401092,,,
0.6592493150000001,0.6646894,0.01665635,,,
0.544043139,0.52553564,0.037032094,,,
0.8418257340000002,0.85352564,0.010590549,,,
0.9398175949999998,0.93843365,0.018055324,,,
0.501846895,0.36443213,0.009014012,,,
0.321255523,0.30834657,0.01572273,,,
0.5158150920000002,0.52209485,0.022650238,,,
0.6666960860000001,0.6601775,0.008501434,,,
1.1210149709999995,1.1277182,0.012167757,,,
0.7200110270000001,0.68454194,0.014308793,,,
1.0198346770000002,1.0128689,0.015363303,,,
1.2118960859999997,1.2186642,0.04466444,,,
1.0731385410000003,1.0878718,0.020633679,,,
0.403770074,0.48575228,0.0076449174,,,
0.5004655020000001,0.52981985,0.0084281545,,,
0.8659054490000002,0.8608097,0.013009966,,,
1.603280975,1.5929073,0.017324293,,,
0.8890033980000001,0.8570491,0.029189395,,,
1.2561727289999995,1.2477428,0.05487224,,,
0.8870102610000001,0.87806445,0.013795948,,,
0.6812561790000001,0.65735734,0.015014107,,,
0.6515365959999999,0.6696329,0.013696722,,,
0.915076642,0.95095766,0.025119612,,,
0.49617326299999986,0.5107144,0.013759457,,,
1.1950249490000002,1.1371298,0.061375614,,,
0.508750432,0.47175312,0.014273395,,,
1.3722515440000003,1.0315361,0.041983973,,,
1.2445238649999997,1.2095363,0.028057396,,,
1.015201762,1.0378959,0.022128664,,,
0.665354688,0.6495881,0.048163358,,,
0.8859554490000001,0.88334846,0.007724579,,,
1.2212507489999995,1.2324069,0.014127622,,,
0.8549900540000002,0.91536534,0.018873792,,,
0.46931470200000003,0.4877247,0.016659565,,,
0.934571502,0.94566333,0.010234732,,,
0.40297026299999994,0.43053967,0.010567401,,,
1.9987419320000002,2.012936,0.0045395857,,,
1.040291517,1.057804,0.032359693,,,
0.758690025,0.72197044,0.0039206687,,,
0.45677759000000007,0.42845768,0.015621061,,,
0.6451792180000001,0.7323798,0.010168383,,,
0.9295220600000003,0.8014447,0.025401274,,,
0.9621315170000001,0.949965,0.010571182,,,
1.3189372279999996,1.3095248,0.01741034,,,
0.7882389109999999,0.7994705,0.03544994,,,
0.47343470199999993,0.4877247,0.016659565,,,
0.817544353,0.8262699,0.018860793,,,
1.4726766419999997,1.4118744,0.095005386,,,
1.2494844050000002,1.2574961,0.035767384,,,
0.7916424840000003,0.8207547,0.020354567,,,
2.051373926,1.8112309,0.013635151,,,
0.8858710459999999,0.79407483,0.0046824473,,,
0.6790838650000001,0.69138175,0.015728744,,,
1.884538111,1.850445,0.008386089,,,
0.590221829,0.61707467,0.027629199,,,
0.8775038690000001,0.8687069,0.019298034,,,
0.7255811610000001,0.74508536,0.008096693,,,
0.6906517990000001,0.7001188,0.025216512,,,
0.7925240020000002,0.77593327,0.025334869,,,
0.18363055800000003,0.36443213,0.009014012,,,
0.3750828670000001,0.38517904,0.006305617,,,
1.189740899,1.1840141,0.016189968,,,
1.434491029,1.463346,0.009929572,,,
0.45148822499999997,0.46245247,0.0357152,,,
0.6927265960000001,0.6595415,0.007746427,,,
0.6319892329999999,0.73300976,0.023327244,,,
1.343424065,1.3044899,0.013990622,,,
1.2627194330000002,1.2557895,0.015427644,,,
1.5453955019999999,1.5481908,0.02661783,,,
0.6205194740000001,0.62194604,0.01858868,,,
0.9667041550000002,0.85801506,0.07537084,,,
0.28420616299999996,0.32674915,0.012235633,,,
1.243609291,1.2175796,0.03826521,,,
0.7949937279999999,0.76454794,0.03793158,,,
0.49464240299999995,0.5341401,0.054945774,,,
1.135043845,1.1341233,0.011306763,,,
1.11729489,1.1572125,0.035558272,,,
0.7081690450000001,0.7021778,0.010291848,,,
0.39049879299999996,0.37951583,0.0051926663,,,
1.486125264,1.4639399,0.021060294,,,
1.3213816039999997,1.1617843,0.008671539,,,
0.28835526100000003,0.28397268,0.005486899,,,
1.0516853180000003,1.0362275,0.010763545,,,
0.6990761790000002,0.69476986,0.016172413,,,
0.40999921799999994,0.48690304,0.0151611455,,,
0.558945178,0.53795373,0.0048947134,,,
1.0142796939999996,0.94520247,0.024543827,,,
0.8425144780000002,0.94566333,0.010234732,,,
1.9844349709999993,2.0149984,0.025251472,,,
1.2270586649999997,1.193462,0.023169748,,,
1.4703123799999995,1.4567972,0.026712261,,,
1.505554065,1.4433107,0.058978528,,,
1.638989353,1.5633651,0.009670786,,,
0.621689474,0.62194604,0.01858868,,,
0.5969438599999999,0.5860734,0.0062976396,,,
0.8015106340000002,0.8415041,0.028874116,,,
1.1182085409999998,1.1211846,0.011406378,,,
2.0706708280000004,2.0869594,0.01196059,,,
1.0063075949999998,0.999959,0.031355098,,,
1.3004964589999999,1.3289528,0.025832208,,,
0.9146419500000003,0.8267703,0.021981386,,,
0.6041958990000003,0.7239016,0.017579537,,,
1.3403404840000002,1.3429345,0.030779876,,,
0.5050906690000001,0.5069684,0.019960506,,,
0.65446386,0.61126834,0.018284664,,,
0.8262727759999999,0.8053325,0.01096032,,,
0.40756026300000003,0.43053967,0.010567401,,,
1.6815612089999998,1.7793207,0.02671983,,,
0.7188662619999999,0.69597536,0.012245791,,,
2.020907935,1.9132719,0.008538235,,,
1.0765308279999999,1.0928433,0.0036029287,,,
1.2312314430000002,1.1743257,0.09938438,,,
0.657113455,0.6383851,0.005222067,,,
0.8094062620000002,0.8021234,0.011245289,,,
1.0007451779999996,1.0466197,0.05238614,,,
0.16399120899999997,0.21898445,0.030596236,,,
0.7524376019999999,0.6965497,0.0057215677,,,
1.3510820949999995,1.2309021,0.032208443,,,
0.6499665959999998,0.6595415,0.007746427,,,
1.5059440019999997,1.5068656,0.018189874,,,
0.58937593,0.5208977,0.013321771,,,
1.1366169589999997,1.0043104,0.049500205,,,
1.1562855449999996,1.1951505,0.017678328,,,
0.9961439110000001,0.7938286,0.032171324,,,
0.7804814440000001,0.79743904,0.017754707,,,
0.4593122290000001,0.46453047,0.022624414,,,
0.869214728,0.90701026,0.023700139,,,
0.892306179,0.89996636,0.02882,,,
0.6592031480000002,0.63852406,0.010085596,,,
0.9419809160000001,0.86819327,0.008706041,,,
0.4463052930000001,0.439078,0.007301351,,,
0.5857510470000002,0.5939709,0.005649723,,,
0.4103120880000001,0.41043654,0.01790483,,,
0.700260472,0.72569716,0.020829702,,,
0.69801206,0.68825185,0.0068034967,,,
1.3553557339999998,1.4096167,0.022435855,,,
1.6559415019999997,1.6712834,0.014230635,,,
1.1876769590000003,1.1998016,0.01788121,,,
1.307765734,1.2709688,0.006784666,,,
0.6315318330000002,0.60692394,0.01067685,,,
0.901315655,0.76953727,0.012986761,,,
0.8640253180000002,0.95349133,0.006765315,,,
0.72681003,0.4747162,0.020329464,,,
0.888524289,0.94566333,0.010234732,,,
0.6460414429999999,0.6497749,0.013161638,,,
0.6329819910000001,0.6311206,0.008723351,,,
-0.5220407930000001,-0.5520338,0.028700272,,,
0.9088300250000001,1.0315361,0.041983973,,,
0.5467017990000002,0.6759695,0.040620632,,,
1.09740489,1.0770293,0.021501137,,,
0.5755264890000003,0.5941913,0.031059574,,,
0.6961337020000001,0.6273689,0.041221175,,,
1.0293218409999998,1.0866804,0.007079185,,,
0.40422026300000014,0.43053967,0.010567401,,,
1.0406420949999997,1.0640409,0.024685914,,,
1.2397569589999995,1.2754462,0.026611505,,,
0.6624417989999999,0.6759695,0.040620632,,,
1.818501029,1.8305372,0.050274696,,,
0.5516963570000001,0.617823,0.046851628,,,
0.500181036,0.507954,0.009415377,,,
0.5595282829999999,0.5141612,0.014503098,,,
0.6378854790000001,0.6181047,0.020612938,,,
0.49574328300000003,0.5050036,0.02602324,,,
1.0507904269999997,1.0682399,0.011518251,,,
0.5221906690000002,0.50110835,0.02243029,,,
0.7330132020000002,0.8275568,0.006405469,,,
0.49649322900000004,0.5430825,0.034524597,,,
1.2525422249999998,1.2652544,0.014419874,,,
0.8506338689999999,0.9072424,0.027906833,,,
0.8929456549999999,0.8951461,0.027947614,,,
0.541378454,0.55118597,0.00868524,,,
1.3560338449999996,1.361828,0.011743817,,,
0.7718876019999998,0.75034684,0.008098851,,,
1.1258189109999999,1.0967917,0.00937002,,,
0.5144068950000003,0.51030105,0.0098295165,,,
1.2577605999999995,1.2676762,0.023139255,,,
0.38066659900000005,0.50570977,0.07774632,,,
1.1446049709999997,1.1395988,0.008759493,,,
0.47294592999999996,0.48809886,0.016376251,,,
0.5202340550000002,0.485891,0.01788815,,,
1.2216648899999998,1.1572125,0.035558272,,,
1.0437949710000003,1.0763569,0.012311354,,,
1.2894806000000003,1.297855,0.002178379,,,
0.9632846900000003,0.9927678,0.013742246,,,
0.8921996940000001,0.94014865,0.01628773,,,
0.42774529299999997,0.43122703,0.006120077,,,
0.6230814440000001,0.6470326,0.018517341,,,
1.48094635,1.4243451,0.08250423,,,
1.0041947279999999,0.90701026,0.023700139,,,
0.8263636800000003,0.87900573,0.013401092,,,
0.9183748680000001,0.91347134,0.017541943,,,
0.644431443,0.6407019,0.0048051053,,,
0.749590073,0.7506989,0.016144142,,,
0.7368233240000002,0.72335744,0.0075648814,,,
0.8806983770000001,0.9877486,0.03822496,,,
0.749798911,0.72953963,0.022438789,,,
0.9044453019999998,0.87115985,0.01825548,,,
1.5643702829999995,1.579981,0.019100966,,,
0.546824646,0.5926774,0.0150246415,,,
0.6650798970000001,0.7235573,0.008020444,,,
1.0838869019999997,1.0899419,0.024455573,,,
0.7366890450000001,0.69285977,0.007810954,,,
0.914505302,0.90719575,0.018166035,,,
0.4496782250000001,0.45127225,0.010019389,,,
0.9207690960000001,0.92404413,0.015020182,,,
0.572618663,0.56354636,0.028296016,,,
1.0323489429999995,1.0280355,0.023204213,,,
1.2806899430000003,1.2432314,0.014663252,,,
0.6338793569999999,0.60935646,0.017374428,,,
0.5344418280000001,0.5445538,0.022428945,,,
0.454658817,0.46183595,0.018205134,,,
0.7217375950000002,0.7017587,0.03490306,,,
0.8330727760000001,0.8304372,0.018113164,,,
0.6485514429999999,0.6497749,0.013161638,,,
0.767674975,0.7653085,0.018802792,,,
1.4896437,1.5562644,0.011904701,,,
0.6830490449999999,0.69285977,0.007810954,,,
0.6560831480000002,0.65890515,0.023874762,,,
0.5885546770000001,0.5770694,0.00949966,,,
0.8238958249999999,0.7735338,0.01622526,,,
0.461888851,0.45089427,0.05454915,,,
0.7739747279999999,0.82488126,0.030883435,,,
1.2469037939999998,1.2049927,0.020616628,,,
0.9185459579999999,0.9752814,0.021302776,,,
0.631910906,0.50713885,0.01204312,,,
0.643517998,0.6481851,0.007388634,,,
0.4733528670000001,0.48214236,0.034897864,,,
0.538971828,0.53950566,0.038450323,,,
0.682781932,0.65969425,0.012021337,,,
0.6686779979999999,0.6545927,0.010160797,,,
1.0978400730000002,1.1166846,0.039467193,,,
0.774644478,0.7659985,0.0147523675,,,
1.383319943,1.351764,0.008676597,,,
1.1469152909999998,1.217162,0.014608553,,,
1.39011937,1.3640524,0.037534148,,,
0.92864692,0.96545094,0.0072848736,,,
0.8814346769999999,0.8973859,0.023204293,,,
0.9465093359999999,0.9709085,0.022914216,,,
1.2734496709999998,1.2545307,0.019777779,,,
0.462415479,0.48646888,0.01536503,,,
1.6741506000000004,1.6606003,0.0266075,,,
0.6031460300000002,0.6159607,0.0167252,,,
0.6553719320000002,0.65969425,0.012021337,,,
1.6081381129999994,1.5979145,0.044722345,,,
0.688870025,0.72197044,0.0039206687,,,
1.248849433,1.2492657,0.009259944,,,
0.5394879350000001,0.7735338,0.01622526,,,
0.606364688,0.6159603,0.0071373554,,,
1.727024105,1.7172016,0.027610894,,,
0.6672563570000001,0.6244624,0.022024496,,,
1.4830683980000001,1.4767538,0.025062736,,,
1.9361724289999995,1.9565592,0.027726395,,,
1.303013,1.2856516,0.007421729,,,
0.6483495990000001,0.6560823,0.028409189,,,
1.571257618,1.5574095,0.011337746,,,
1.058973845,1.0496428,0.013847807,,,
0.8943032019999999,0.8605329,0.017956931,,,
1.700731184,1.6993593,0.0063860123,,,
-0.16282836099999995,-0.15748763,0.019678552,,,
0.7318004719999999,0.72346365,0.015989715,,,
0.7140359600000001,0.72002214,0.02467058,,,
1.58558238,1.6020142,0.0083717685,,,
1.1984109019999998,1.2650877,0.02436924,,,
0.671747602,0.6965497,0.0057215677,,,
1.534761824,1.534594,0.018769473,,,
0.10616120900000003,0.121613465,0.029260876,,,
1.2374253280000003,1.212585,0.019104706,,,
0.8067952610000002,0.80180913,0.0093177315,,,
0.9903569200000002,0.97208583,0.014344506,,,
0.37441003,0.4747162,0.020329464,,,
0.8737925129999999,0.87981856,0.018705618,,,
0.9777767369999999,0.9908682,0.029371856,,,
1.43029003,1.4236574,0.025230955,,,
0.6179293570000002,0.6143902,0.011692664,,,
0.5591317860000001,0.5770353,0.018544113,,,
1.3555546800000002,1.3247137,0.027505113,,,
0.9961262289999999,1.0079352,0.021617206,,,
-0.04216655800000002,-0.06274219,0.022370167,,,
0.771593911,0.7645031,0.013385337,,,
1.5862739260000003,1.8112309,0.013635151,,,
1.1603812409999998,1.1692647,0.011421662,,,
1.5470409019999998,1.5167005,0.026774898,,,
0.8829740019999999,0.99355525,0.0137541285,,,
1.3803409950000003,1.2650877,0.02436924,,,
0.499033148,0.5443522,0.014677667,,,
1.26916692,1.3368816,0.011615997,,,
0.74954195,0.75391966,0.010287289,,,
0.685981829,0.63821936,0.021006979,,,
0.6829390450000001,0.69285977,0.007810954,,,
0.7555114439999999,0.8893493,0.02565964,,,
1.119688111,1.1090823,0.014338483,,,
1.1154208279999998,1.088738,0.017602125,,,
1.0921984909999998,1.1140912,0.012244662,,,
1.0117310869999996,1.0216782,0.010613928,,,
0.40905208800000004,0.41043654,0.01790483,,,
1.070225958,1.0506752,0.00547487,,,
0.6498519319999999,0.6706317,0.029327676,,,
0.9467558250000001,0.8507158,0.0076296716,,,
0.6270616249999998,0.68071926,0.017980304,,,
0.16131364599999998,0.17988606,0.020081857,,,
0.714002776,0.57989454,0.012146037,,,
1.405333765,1.4079304,0.014303775,,,
0.9761427759999999,0.9386751,0.017564077,,,
0.6724494549999999,0.58851415,0.022056272,,,
1.0933169589999998,1.1159078,0.007447367,,,
1.7923441049999993,1.7796576,0.027459307,,,
1.0331810459999995,1.0306623,0.02791515,,,
0.9654568950000002,0.9531058,0.029193284,,,
1.546515264,1.574789,0.019592931,,,
1.434635523,1.5457385,0.013077738,,,
1.3024052610000003,1.2840537,0.012373695,,,
0.48837286699999993,0.48214236,0.034897864,,,
1.0865019320000002,1.0795219,0.020410275,,,
0.8246843980000003,0.8570491,0.029189395,,,
0.6561898970000001,0.7235573,0.008020444,,,
0.9375350919999998,1.0342785,0.009004308,,,
2.0669717990000005,1.9482231,0.010689469,,,
1.068620054,0.95626336,0.0165344,,,
1.1766823799999997,1.2099625,0.026808523,,,
0.6427418329999999,0.60692394,0.01067685,,,
0.6899516040000001,0.65801036,0.018498702,,,
0.5167424790000001,0.5045515,0.009686403,,,
1.0413611609999995,0.99774283,0.018767575,,,
1.868311087,1.9361324,0.008833932,,,
1.439561029,1.463346,0.009929572,,,
1.7701307489999998,1.7995075,0.026466003,,,
0.8768414439999999,0.8448025,0.010819526,,,
0.7458146880000001,0.7564205,0.01880279,,,
0.552370334,0.50713885,0.01204312,,,
1.1067129770000002,1.0387133,0.018068912,,,
1.449556353,1.5633651,0.009670786,,,
0.8876200539999999,0.91536534,0.018873792,,,
0.7765411840000002,0.7154201,0.014750692,,,
1.1565041049999998,1.1986932,0.013858744,,,
0.9779962290000002,1.0223337,0.008489815,,,
0.12112182400000004,0.13857265,0.05135362,,,
0.5368300259999998,0.50949484,0.008574736,,,
0.6778200730000001,0.6830271,0.008310276,,,
0.904769218,0.9070145,0.018431798,,,
0.7349475950000002,0.7017587,0.03490306,,,
1.43029003,1.4236574,0.025230955,,,
1.2297206299999999,1.1946406,0.016213352,,,
1.282081625,1.2023829,0.04781984,,,
1.0890818410000003,1.0659816,0.009269861,,,
0.661883229,0.5652599,0.02322224,,,
1.8960778920000005,1.7550958,0.023302982,,,
0.618351991,0.6311206,0.008723351,,,
0.8046932019999999,0.77391255,0.024868898,,,
0.3172905579999999,0.36443213,0.009014012,,,
0.743817164,0.67289925,0.015192629,,,
1.8096567370000005,1.869587,0.03561716,,,
0.9356266420000001,0.98752224,0.009742944,,,
0.7098724289999999,0.74991935,0.049384493,,,
1.0922704269999997,1.0464708,0.049811807,,,
0.441383926,0.46421295,0.039687414,,,
0.712010558,0.71896935,0.02852745,,,
1.8271483930000003,1.9247453,0.021020927,,,
0.8299652930000001,0.8838007,0.0397088,,,
0.6502516839999999,0.65284663,0.015154543,,,
0.8642554490000001,0.8608097,0.013009966,,,
1.575974105,1.5691686,0.02847395,,,
1.0079010870000003,1.0216782,0.010613928,,,
0.365616223,0.42539755,0.028390614,,,
1.7923624290000002,1.9384397,0.013145596,,,
0.8950820650000002,0.91798496,0.008189332,,,
0.573455502,0.52993006,0.0024087708,,,
0.6611784839999999,0.69683945,0.032413516,,,
1.0535536190000003,1.042619,0.022382641,,,
1.7445564890000003,1.6784165,0.02592971,,,
0.4456952930000001,0.43122703,0.006120077,,,
0.7330376020000002,0.75034684,0.008098851,,,
0.628348719,0.66387355,0.012599547,,,
1.0076620649999999,0.91798496,0.008189332,,,
1.0819747280000003,1.0875303,0.015162313,,,
-0.343090583,-0.34580824,0.018530907,,,
1.4190949219999995,1.439629,0.018849649,,,
0.5292876160000002,0.39326587,0.018660387,,,
0.784248419,0.8133234,0.0135115,,,
0.7254039939999999,0.7367459,0.014358294,,,
1.292308113,1.3374339,0.004754208,,,
1.2702405999999995,1.297855,0.002178379,,,
1.080910244,1.0646831,0.011911496,,,
0.523617283,0.5090414,0.015623053,,,
0.8854010270000001,0.80963993,0.010084749,,,
0.7419498970000002,0.738573,0.022437494,,,
0.5977460299999999,0.6159607,0.0167252,,,
0.43741529300000004,0.439078,0.007301351,,,
1.0161517619999998,1.0378959,0.022128664,,,
0.7605114440000003,0.7917687,0.016685026,,,
0.9495596940000001,0.947077,0.03644587,,,
0.6995970639999999,0.63576806,0.00811638,,,
1.1846768690000002,1.2466061,0.019852983,,,
1.012356642,0.98752224,0.009742944,,,
1.1045471639999997,1.0620162,0.084998816,,,
0.487970916,0.48418275,0.025611514,,,
1.2430352609999995,1.2840537,0.012373695,,,
0.39717622299999983,0.42539755,0.028390614,,,
0.6565998970000002,0.7235573,0.008020444,,,
1.2008437279999995,1.1815577,0.01821676,,,
0.669701604,0.65074235,0.024145853,,,
0.6290516249999999,0.54778516,0.05632421,,,
1.166368491,1.1738148,0.015213341,,,
0.591181833,0.61584365,0.0045237257,,,
1.2303252909999998,1.2985102,0.016560962,,,
0.671680633,0.6461818,0.01812021,,,
0.69687195,0.8267703,0.021981386,,,
1.3943083929999995,1.351764,0.008676597,,,
0.5870046770000001,0.58984536,0.015111751,,,
0.8242772279999999,0.82417643,0.008326846,,,
0.47167332400000006,0.44858003,0.00703029,,,
0.40297026299999994,0.43053967,0.010567401,,,
1.1553320950000001,1.1817605,0.009135241,,,
1.0828752609999999,0.7249975,0.027256902,,,
1.562436022,1.5719764,0.017343292,,,
0.46977322899999996,0.51080304,0.018490175,,,
1.098711241,1.1483082,0.013813192,,,
0.9309769200000002,0.969292,0.0077167787,,,
0.9401769200000001,0.96545094,0.0072848736,,,
0.030893441999999993,0.037650652,0.031701572,,,
0.64030596,0.74206793,0.010280425,,,
0.5519424790000002,0.5045515,0.009686403,,,
0.671016086,0.6601775,0.008501434,,,
0.6362154789999999,0.6181047,0.020612938,,,
0.7146615379999999,0.79040027,0.026346643,,,
1.2790109019999998,1.3104267,0.023017133,,,
2.0678867369999994,2.032459,0.010906521,,,
0.4730939259999999,0.455746,0.013698991,,,
1.4144606,1.297855,0.002178379,,,
0.6748911609999999,0.66649306,0.028820055,,,
1.5546617860000003,1.528379,0.020706179,,,
0.6717976019999999,0.6965497,0.0057215677,,,
0.8393976160000001,0.8307681,0.006631063,,,
0.566756022,0.59215987,0.0062213554,,,
0.49347326299999994,0.4811862,0.0093652345,,,
0.5896179980000003,0.6221852,0.0046513947,,,
1.2083810140000002,1.1375611,0.06571244,,,
0.8356847280000002,0.82488126,0.030883435,,,
0.495113263,0.5107144,0.013759457,,,
2.0185040689999996,1.9911067,0.017467827,,,
0.6982889109999999,0.72953963,0.022438789,,,
0.686441027,0.68454194,0.014308793,,,
0.5212310359999999,0.5494714,0.031750944,,,
0.8998323330000002,0.92801017,0.004027848,,,
1.1843406329999997,1.4480315,0.0098170005,,,
0.6037354790000001,0.6217854,0.019942913,,,
0.37435286699999987,0.38517904,0.006305617,,,
0.6627116840000002,0.6444593,0.009509462,,,
0.7367410290000002,0.79558134,0.004705909,,,
0.8295372280000002,0.82417643,0.008326846,,,
1.170505986,1.1978565,0.024516694,,,
0.23849761600000002,0.39326587,0.018660387,,,
0.11227885100000004,0.5341401,0.054945774,,,
1.9627449709999998,1.9525082,0.031838764,,,
0.8536280300000001,0.8684608,0.019708658,,,
0.5134173339999999,0.36443213,0.009014012,,,
1.8216016479999992,1.8322706,0.020005723,,,
1.2953981130000003,1.3374339,0.004754208,,,
1.3778363499999997,1.3290756,0.02436774,,,
0.366504478,0.4532826,0.008202368,,,
0.614540633,0.6667849,0.05066013,,,
0.43119542700000013,0.4446229,0.00791434,,,
0.5981548680000001,0.618222,0.019081093,,,
0.742283994,0.7367459,0.014358294,,,
1.5228518409999998,1.4997362,0.060861804,,,
2.0232706339999997,2.0055835,0.00936204,,,
0.843346223,0.8448025,0.010819526,,,
1.2820629839999997,1.3116479,0.011806476,,,
0.40372803,0.41196305,0.008258013,,,
0.6520009160000002,0.67022496,0.006420591,,,
1.0019853019999998,1.0102909,0.014574992,,,
0.9489323329999999,0.92801017,0.004027848,,,
1.4863952769999997,1.4521534,0.025825389,,,
1.0842246899999999,1.1249232,0.009818255,,,
0.54706003,0.90499544,0.10818328,,,
0.7558237549999999,0.729087,0.011096342,,,
0.5767460220000001,0.59215987,0.0062213554,,,
0.45547222900000006,0.46453047,0.022624414,,,
0.8344434840000001,0.83853465,0.01722437,,,
1.0844620949999995,1.105454,0.0110099735,,,
1.398383765,1.4301411,0.012716129,,,
1.1000905129999998,1.12356,0.017074458,,,
0.92618368,0.87900573,0.013401092,,,
1.3134202439999998,1.2313946,0.016037935,,,
0.669470073,0.6830271,0.008310276,,,
0.8429035039999999,0.93046457,0.01662349,,,
1.2437484540000001,1.2691993,0.011676614,,,
0.40576841900000005,0.41157565,0.021578142,,,
0.4949417989999999,0.5559176,0.05592912,,,
0.045218851000000004,0.5341401,0.054945774,,,
0.502611036,0.5494714,0.031750944,,,
0.7946110460000001,0.8177515,0.033772133,,,
0.999007064,1.1913885,0.0059752753,,,
1.376928113,1.352971,0.011847729,,,
0.8225160220000001,0.8220972,0.01242262,,,
0.8521300540000001,0.81768304,0.024962682,,,
0.806975261,0.80180913,0.0093177315,,,
0.6071200350000001,0.65680534,0.014682961,,,
1.378097064,1.1913885,0.0059752753,,,
1.0874940019999997,0.99355525,0.0137541285,,,
2.0438812410000002,2.0656765,0.012471263,,,
-0.04858632600000001,-0.058142316,0.014321325,,,
1.103204069,1.1158988,0.029605417,,,
1.0658240689999998,1.1176772,0.009161846,,,
0.7026089110000002,0.72953963,0.022438789,,,
0.5863213280000001,0.5341401,0.054945774,,,
0.5922340550000003,0.6143683,0.019846644,,,
1.0570683929999998,1.0522038,0.008512263,,,
0.839374289,0.8448025,0.010819526,,,
0.730824289,0.7397632,0.019468764,,,
0.9540893360000002,0.9709085,0.022914216,,,
0.5532909060000001,0.42881146,0.01715077,,,
0.5831980349999999,0.6450121,0.01692733,,,
0.719683755,0.71671027,0.010885649,,,
0.342621958,0.35139486,0.011757536,,,
0.899743728,0.899453,0.03878063,,,
1.0172287929999995,1.0633047,0.027596183,,,
0.9659768950000001,0.9565385,0.01932022,,,
1.2813429999999997,1.2856516,0.007421729,,,
0.59390386,0.5860734,0.0062976396,,,
0.693763865,0.69138175,0.015728744,,,
0.7536511609999998,0.74508536,0.008096693,,,
1.2199849709999995,1.2096498,0.013323893,,,
0.9325794459999999,0.94865763,0.025996864,,,
0.14211182400000003,0.14942606,0.012875569,,,
0.5065306690000001,0.5069684,0.019960506,,,
0.707830026,0.61605614,0.023098303,,,
1.8804712240000003,1.9757382,0.01485063,,,
0.9092653179999999,0.88950557,0.018772202,,,
0.6124459599999998,0.5996053,0.010945319,,,
0.8245810469999999,0.83325875,0.0313741,,,
0.6676960860000001,0.6601775,0.008501434,,,
0.635460054,0.66073775,0.0631601,,,
2.04168692,2.008333,0.012830544,,,
0.639306599,0.6593643,0.026793515,,,
0.22284669900000015,0.21477449,0.014310354,,,
1.6059506689999998,1.4601752,0.0065383352,,,
0.6693161790000001,0.69476986,0.016172413,,,
0.452789738,0.43356532,0.012130253,,,
0.632764677,0.60824144,0.022888532,,,
0.6657270640000001,0.65423965,0.01882533,,,
1.1440783930000002,1.131163,0.01840036,,,
1.2541909019999997,1.3104267,0.023017133,,,
1.862836599,2.018046,0.027097408,,,
1.53843063,1.517651,0.015506928,,,
0.8685554490000003,0.8608097,0.013009966,,,
1.2111406299999998,1.1762216,0.01728269,,,
1.2671329839999999,1.265117,0.016649313,,,
1.0308856550000003,1.0365897,0.011143548,,,
0.8734915379999999,0.8988339,0.04357126,,,
0.6920971639999999,0.71623176,0.0070309937,,,
0.8490040020000003,0.85083115,0.029777298,,,
0.06603055800000002,0.36443213,0.009014012,,,
0.5924440549999999,0.6143683,0.019846644,,,
0.6029922289999999,0.6336343,0.01178931,,,
1.1693355449999998,1.1950796,0.024554675,,,
1.2724784190000002,1.209483,0.013426509,,,
0.49261968899999997,0.50420004,0.020006986,,,
0.6507816840000001,0.65284663,0.015154543,,,
0.7770732020000002,0.8275568,0.006405469,,,
1.6297055229999997,1.5457385,0.013077738,,,
2.0601696939999994,2.0152543,0.04080545,,,
0.6378736739999998,0.6673121,0.031220641,,,
0.4839927760000001,0.57989454,0.012146037,,,
1.2062653339999996,1.2028245,0.04452375,,,
0.5032296709999999,0.5269477,0.0142001305,,,
1.2060837939999998,1.1556072,0.030326206,,,
0.9402310359999999,0.9927451,0.01795797,,,
0.40581841899999993,0.38333672,0.011396508,,,
0.7072460219999999,0.59215987,0.0062213554,,,
0.801374002,0.7496443,0.011133118,,,
1.2297014429999997,1.1743257,0.09938438,,,
0.690595277,0.72868633,0.031188492,,,
0.5563065990000001,0.5186978,0.016473537,,,
0.586321648,0.6471104,0.014496113,,,
0.8986590959999999,0.9011959,0.023059372,,,
0.7368610269999999,0.71699786,0.020767916,,,
1.2801106299999996,1.2165413,0.0064529334,,,
0.8667764700000002,0.87998545,0.057401907,,,
1.0178687189999998,1.2629248,0.014210223,,,
0.47788844499999994,0.50310373,0.012794527,,,
1.1006540690000002,1.0868158,0.00884085,,,
0.41159461900000005,0.36702472,0.028138364,,,
0.33150055800000006,0.3202281,0.008819121,,,
0.5419584540000002,0.55118597,0.00868524,,,
0.37507286700000003,0.38517904,0.006305617,,,
1.5905676179999997,1.5803908,0.015729994,,,
0.6331844550000001,0.6383851,0.005222067,,,
1.008655635,1.0188272,0.017453592,,,
0.722691161,0.7569483,0.008709732,,,
1.9672899430000004,1.9627132,0.016002038,,,
1.282236869,1.2466061,0.019852983,,,
0.75859596,0.7344001,0.027576985,,,
0.41633515600000004,0.42979145,0.008855813,,,
1.2671752910000003,1.2488872,0.005852379,,,
1.161768491,1.1688172,0.01854163,,,
1.1811323799999995,1.2099625,0.026808523,,,
0.5852010470000001,0.5939709,0.005649723,,,
1.1530896639999997,1.4230726,0.0104828095,,,
1.0541985409999999,1.0010993,0.025477655,,,
0.726696262,0.7024097,0.009069822,,,
1.3739407880000003,1.3784181,0.024631388,,,
1.0351820949999997,1.0432804,0.015457887,,,
1.4615292830000002,1.4917437,0.016164703,,,
0.25735538499999994,0.20626059,0.017706612,,,
0.644950026,0.61605614,0.023098303,,,
0.570784646,0.5926774,0.0150246415,,,
1.0062802439999998,1.0869445,0.0526497,,,
1.1021808279999998,1.0529894,0.01711194,,,
0.591253911,0.72290975,0.06148949,,,
1.3292206689999997,1.4601752,0.0065383352,,,
0.22384669900000004,0.21399927,0.008273811,,,
1.1548212239999998,0.9009695,0.021470664,,,
0.7277598970000001,0.7235573,0.008020444,,,
1.252523794,1.2049927,0.020616628,,,
0.46272222900000004,0.46453047,0.022624414,,,
0.37913043200000013,0.43363342,0.013708234,,,
1.071143619,1.0817993,0.008866644,,,
0.7043804720000002,0.72569716,0.020829702,,,
1.6347540649999996,1.6797078,0.018728577,,,
0.6471396640000001,0.6354919,0.010983149,,,
0.6839600299999999,0.8893493,0.02565964,,,
0.901270261,0.87806445,0.013795948,,,
1.262494065,1.3044899,0.013990622,,,
0.523659244,0.5144685,0.0114178285,,,
0.6128269060000002,0.36443213,0.009014012,,,
0.779516223,0.769626,0.011255975,,,
1.3174969959999998,1.3310556,0.010082587,,,
0.8802432629999999,0.85586816,0.013540189,,,
0.45713547900000007,0.4349503,0.012290002,,,
1.4405563499999998,1.4243451,0.08250423,,,
1.1247569589999997,1.1159078,0.007447367,,,
0.5959560300000001,0.6159607,0.0167252,,,
1.974930054,2.093729,0.023216795,,,
0.9360815020000002,0.94566333,0.010234732,,,
2.15615489,2.1605303,0.022276565,,,
0.8667407880000002,0.8850385,0.018784067,,,
1.1960384909999997,1.1738148,0.015213341,,,
0.8368212240000001,0.91091794,0.060078528,,,
1.1795823799999996,1.2099625,0.026808523,,,
1.4284799429999995,1.4320375,0.019974072,,,
1.5369241549999997,1.4723105,0.08701286,,,
0.6654900730000001,0.6830271,0.008310276,,,
1.2749802609999998,1.2673237,0.020112267,,,
1.1975144049999997,1.2764454,0.066010326,,,
0.916853504,0.93046457,0.01662349,,,
1.6795762289999998,1.6848519,0.013902023,,,
0.745130916,0.86819327,0.008706041,,,
0.633766596,0.6595415,0.007746427,,,
0.880282429,0.890412,0.018527305,,,
1.0581549710000002,1.068435,0.013761153,,,
1.1718808989999998,1.1840141,0.016189968,,,
0.8704383979999999,0.90031034,0.015195345,,,
0.26740616300000003,0.32130885,0.024426743,,,
0.6728576019999999,0.6965497,0.0057215677,,,
1.1014012409999998,1.1692647,0.011421662,,,
0.810098454,0.8249717,0.012212056,,,
1.6558162289999996,1.6460483,0.02322536,,,
0.643070788,0.66758585,0.030089399,,,
0.783048793,0.7833265,0.0076201656,,,
0.610661799,0.67737025,0.045699295,,,
0.6478592909999998,1.0315361,0.041983973,,,
0.749531161,0.836108,0.015299785,,,
0.460078541,0.4575171,0.012698327,,,
0.420604619,0.36702472,0.028138364,,,
1.1321720949999998,1.121563,0.013363881,,,
0.3758523340000001,0.50713885,0.01204312,,,
0.6014567370000001,0.6573802,0.044297215,,,
1.0975281109999997,1.1090823,0.014338483,,,
1.041758393,1.0039783,0.008380632,,,
1.1744987189999996,1.2679664,0.028570905,,,
1.697271829,1.6600535,0.014884137,,,
1.3074924790000002,1.4571441,0.009692701,,,
1.2321106299999995,1.2415565,0.013674392,,,
0.9554516040000001,1.1617843,0.008671539,,,
1.1241546899999995,1.157501,0.04276944,,,
0.6523418330000001,0.638521,0.022713093,,,
0.7564510460000002,0.72275513,0.045057733,,,
0.9273320650000001,0.91798496,0.008189332,,,
1.4339541550000001,1.3603828,0.088416606,,,
1.663441029,1.6677115,0.013756789,,,
0.7728504720000001,0.75623965,0.020283883,,,
1.408876996,1.3944447,0.016326034,,,
1.948788719,1.959049,0.010150613,,,
1.3516720949999999,1.2514356,0.030104395,,,
1.3658393360000003,1.303807,0.018743496,,,
1.0366393699999998,1.0616168,0.0054640803,,,
1.3724709950000002,1.3104267,0.023017133,,,
1.0357946899999997,0.9927678,0.013742246,,,
0.834714041,0.7985279,0.023562921,,,
1.089001841,1.1173397,0.015412065,,,
1.0911420950000001,1.2309021,0.032208443,,,
0.818135734,0.85352564,0.010590549,,,
1.6187823799999994,1.5848726,0.019155707,,,
0.41836881700000006,0.44780916,0.020533714,,,
0.5963554789999999,0.6217854,0.019942913,,,
0.982052095,0.9370225,0.04427731,,,
0.7189359600000003,0.72002214,0.02467058,,,
1.0394510359999998,0.9927451,0.01795797,,,
1.2892381129999997,1.3271903,0.019250514,,,
1.2797063499999999,1.3326542,0.020878332,,,
0.5509696709999999,0.5269477,0.0142001305,,,
1.252181513,1.3796492,0.008688018,,,
1.1454549219999997,1.1576341,0.034026254,,,
0.6759116480000003,0.6471104,0.014496113,,,
1.669951029,1.6069705,0.029782487,,,
0.59958603,0.6159607,0.0167252,,,
0.701968225,0.70816004,0.0088985395,,,
1.219371958,1.2728398,0.01863128,,,
0.8233760219999999,0.8220972,0.01242262,,,
0.5044024289999999,0.58650607,0.023928888,,,
0.965212333,0.92801017,0.004027848,,,
0.7187420600000001,0.68825185,0.0068034967,,,
1.1822794329999997,1.2189558,0.016554356,,,
1.369604702,1.4279755,0.0120996,,,
0.449798225,0.47722298,0.0071701873,,,
0.5016896710000001,0.5269477,0.0142001305,,,
0.54204003,0.5494714,0.031750944,,,
0.6939011840000002,0.7154201,0.014750692,,,
0.9396215020000002,0.94566333,0.010234732,,,
0.6206107880000002,0.6101168,0.01611173,,,
1.0106993699999995,1.0485088,0.038954865,,,
1.323519897,1.3515927,0.032360904,,,
0.5615717860000001,0.5770353,0.018544113,,,
0.7235175949999999,0.742967,0.010372548,,,
0.35151941700000006,0.3515755,0.019773921,,,
0.33158370200000004,0.37225726,0.0111168865,,,
0.22491669900000005,0.21399927,0.008273811,,,
0.676669599,0.6826435,0.0061893933,,,
0.6134613279999999,0.5341401,0.054945774,,,
0.18012055799999996,0.36443213,0.009014012,,,
1.5864761630000002,1.5770936,0.017799122,,,
0.46752222899999996,0.46453047,0.022624414,,,
1.5114556549999996,1.4842063,0.013969648,,,
0.14211182400000003,0.14942606,0.012875569,,,
1.100094069,1.1119924,0.021823382,,,
0.695108719,0.7070676,0.014845256,,,
0.4922609159999999,0.48418275,0.025611514,,,
0.584399599,0.6483619,0.0123419175,,,
1.0002275899999997,1.1016114,0.03994985,,,
1.0551547019999996,1.0081315,0.060811132,,,
1.267335291,1.2488872,0.005852379,,,
0.406778419,0.41157565,0.021578142,,,
0.567100074,0.48575228,0.0076449174,,,
0.039573139000000035,0.06513414,0.066878565,,,
0.6246410459999999,0.64012235,0.0159801,,,
1.2245583769999995,1.2208374,0.015200922,,,
0.7946617620000003,0.80173284,0.018499525,,,
0.3324537020000001,0.37225726,0.0111168865,,,
0.5202192439999999,0.5093813,0.013426819,,,
1.0490536190000002,1.0839504,0.019869007,,,
0.750061027,0.7651357,0.010495714,,,
2.042013504,2.005376,0.017577965,,,
1.2802046899999997,1.3031923,0.018293373,,,
0.6465014430000001,0.6407019,0.0048051053,,,
1.0909884910000003,1.1140912,0.012244662,,,
1.6785662289999999,1.6817169,0.02460935,,,
1.332279045,1.3018571,0.03546013,,,
0.897269599,0.8499724,0.007754812,,,
0.509843148,0.5117249,0.014379731,,,
0.4530275899999999,0.42845768,0.015621061,,,
0.934259357,0.9424933,0.0035820254,,,
0.5251051780000002,0.5370258,0.023804571,,,
0.8271058250000001,0.8507158,0.0076296716,,,
1.058836459,1.0875448,0.03443231,,,
0.7823104719999999,0.7358874,0.017578455,,,
1.270550902,1.189328,0.019525915,,,
0.9578549489999999,0.9690285,0.0075773117,,,
0.75025603,0.6810579,0.016908156,,,
1.261516902,1.315768,0.0058859247,,,
1.510950995,1.42773,0.035593398,,,
0.9715510870000001,1.0216782,0.010613928,,,
0.540728454,0.55118597,0.00868524,,,
1.7897679060000002,1.7948633,0.0111119,,,
1.431631444,1.4630868,0.010708142,,,
1.6281841049999994,1.5960015,0.035333905,,,
-0.22751991099999996,-0.21739002,0.053193446,,,
1.2764065959999995,1.576658,0.01268228,,,
1.206538665,1.1455173,0.019953324,,,
2.0144332290000007,1.8825941,0.016808948,,,
0.4943624029999999,0.72002214,0.02467058,,,
1.3533609020000001,1.4141588,0.038875137,,,
0.7382271640000002,0.71623176,0.0070309937,,,
0.7063920599999999,0.68825185,0.0068034967,,,
0.803351828,0.8387066,0.019437587,,,
1.250926869,1.2466061,0.019852983,,,
0.6581697379999999,0.5078186,0.024075944,,,
1.03528702,1.0238159,0.010436764,,,
1.0841052609999997,1.0732498,0.09887117,,,
0.6111218290000001,0.63440096,0.029637327,,,
0.6489518280000002,0.678347,0.02767205,,,
1.284153263,1.3148395,0.014227368,,,
1.0736049219999997,1.0585687,0.014920052,,,
0.429885427,0.4446229,0.00791434,,,
0.7702576020000002,0.7315092,0.022052111,,,
0.9051664699999998,0.88588685,0.022885587,,,
0.8440606340000001,0.89983386,0.019664932,,,
0.864795449,0.8608097,0.013009966,,,
0.6232879980000001,0.6737481,0.011878419,,,
0.4441713340000001,0.36443213,0.009014012,,,
0.7118600730000002,0.701215,0.013550128,,,
0.43055542699999994,0.4446229,0.00791434,,,
1.044945899,1.0291479,0.036203455,,,
1.7222276179999998,1.7368946,0.006198337,,,
0.635154289,0.62240976,0.011329456,,,
1.0780538449999997,1.0973923,0.014318999,,,
0.717477595,0.7017587,0.03490306,,,
0.45278822500000004,0.47722298,0.0071701873,,,
1.1332802439999998,1.2313946,0.016037935,,,
1.5454815439999996,1.351764,0.008676597,,,
0.505913283,0.5090414,0.015623053,,,
0.34026272900000004,0.36112082,0.014056923,,,
0.9116489110000001,0.8768393,0.030366082,,,
0.9550310139999999,0.9383491,0.01019586,,,
1.060353619,1.1090823,0.014338483,,,
0.983005655,0.95092267,0.008060426,,,
1.574999943,1.5306256,0.03430418,,,
0.5487846459999999,0.5926774,0.0150246415,,,
1.3457366989999997,1.3476732,0.00647538,,,
0.8379715169999999,1.1314968,0.037226267,,,
0.5675994460000001,0.5847667,0.011544806,,,
0.5699168950000002,0.57266915,0.02608246,,,
0.540271958,0.52681094,0.017629554,,,
0.601125479,0.6217854,0.019942913,,,
0.8674932020000001,0.8605329,0.017956931,,,
1.2753753279999998,1.2660234,0.013491514,,,
1.4100710290000003,1.463346,0.009929572,,,
0.593604677,0.63124716,0.021751272,,,
0.6275794740000001,0.62194604,0.01858868,,,
0.39128879300000013,0.37951583,0.0051926663,,,
0.9627893359999999,0.9709085,0.022914216,,,
1.1255503529999997,1.1219122,0.025814278,,,
1.2010022249999999,1.2526673,0.014474168,,,
-0.645350583,-0.65806067,0.060859233,,,
1.4611836999999996,1.4978889,0.011883022,,,
0.61552596,0.5494714,0.031750944,,,
0.586519664,0.606882,0.042191718,,,
0.6679200730000001,0.6830271,0.008310276,,,
1.2383879399999997,1.2580616,0.012906483,,,
1.08115596,1.1460406,0.040555473,,,
1.2038429999999998,1.2236942,0.011262678,,,
1.6611478919999993,1.7550958,0.023302982,,,
0.756586262,0.79092455,0.012339359,,,
1.4864645129999998,1.3796492,0.008688018,,,
0.640627998,0.6780731,0.014803693,,,
0.5836224029999999,0.5341401,0.054945774,,,
1.0096775899999997,1.0038601,0.01300446,,,
1.0432046899999998,1.0148742,0.030849086,,,
1.20444003,1.175718,0.022253914,,,
0.46657470200000006,0.4877247,0.016659565,,,
1.2098146459999999,1.1923211,0.021705251,,,
0.435512429,0.58650607,0.023928888,,,
0.9490111610000002,0.9226273,0.010465961,,,
1.2330806000000003,1.297855,0.002178379,,,
0.638416596,0.6595415,0.007746427,,,
0.557523324,0.5619862,0.008008629,,,
0.43551043199999995,0.4003145,0.016695784,,,
1.245094949,1.1371298,0.061375614,,,
1.27730635,1.3252895,0.02145359,,,
0.858724925,0.8534936,0.018135449,,,
0.881177484,0.870002,0.025757877,,,
0.510409689,0.50420004,0.020006986,,,
0.9302820950000001,0.9459082,0.020247685,,,
0.5949707880000001,0.90499544,0.10818328,,,
0.7310824289999999,0.74991935,0.049384493,,,
1.2626606329999996,1.1913958,0.07321404,,,
1.2046904269999998,1.201872,0.014407515,,,
0.47319593000000004,0.48809886,0.016376251,,,
0.7687455360000001,0.75811803,0.01759481,,,
1.1583284909999996,1.1738148,0.015213341,,,
1.3843246799999995,1.380302,0.030849433,,,
1.222694646,1.2031052,0.033773873,,,
0.562461829,0.61707467,0.027629199,,,
0.8520853020000001,0.87115985,0.01825548,,,
1.4021129840000002,1.4062243,0.0195349,,,
0.28298120899999996,0.21898445,0.030596236,,,
0.8894756550000003,0.95092267,0.008060426,,,
0.3080849250000001,0.29931486,0.01824293,,,
0.6207855020000002,0.52981985,0.0084281545,,,
0.8919115380000002,0.79040027,0.026346643,,,
1.27803635,1.3326542,0.020878332,,,
1.1593148900000003,1.1635242,0.02650618,,,
0.7030910470000001,0.5459263,0.044350915,,,
1.2330649489999999,1.1371298,0.061375614,,,
0.48439944599999996,0.4523692,0.019655202,,,
1.0494270199999998,1.0819757,0.01600744,,,
0.993221517,0.97550297,0.010300032,,,
1.7190918329999998,1.7007244,0.0127942,,,
0.586516489,0.5941913,0.031059574,,,
0.8355224289999998,0.61228454,0.030212987,,,
0.49063002599999994,0.6825366,0.04460861,,,
1.3031524789999998,1.2314826,0.04606343,,,
0.9701284450000001,1.0347426,0.014049231,,,
1.351302403,1.3212051,0.025523335,,,
0.717692466,0.70262194,0.0072054155,,,
0.9350792680000002,0.973196,0.015764628,,,
0.500918445,0.50310373,0.012794527,,,
1.2776854489999998,1.2610248,0.031413797,,,
0.534252479,0.5045515,0.009686403,,,
0.8839536800000001,0.87900573,0.013401092,,,
0.8392558250000002,0.81115437,0.012394959,,,
0.404198419,0.41658926,0.02389276,,,
1.080961841,1.0805695,0.008398914,,,
0.98930195,0.97028255,0.019504322,,,
0.349444975,0.44671673,0.021291403,,,
1.0882870199999999,1.1176772,0.009161846,,,
1.9960612240000004,1.9757382,0.01485063,,,
0.5970959300000002,0.5208977,0.013321771,,,
1.36737635,1.3116515,0.020697763,,,
1.264726179,1.2800696,0.027092125,,,
0.43974973800000006,0.43356532,0.012130253,,,
0.3636244779999998,0.4532826,0.008202368,,,
0.7097689110000001,0.6978695,0.014903238,,,
0.735618432,0.76953727,0.012986761,,,
0.7916440409999999,0.80111915,0.026824718,,,
0.6942538650000001,0.69138175,0.015728744,,,
1.5505176019999996,1.5379242,0.015658535,,,
1.2280437939999997,1.2406461,0.019712983,,,
0.9342353019999999,0.95676327,0.017811002,,,
1.2194827289999999,1.2042136,0.052641913,,,
1.1032779979999996,1.0841223,0.017243808,,,
1.0976384909999999,0.9715375,0.018593863,,,
1.062036229,1.0223337,0.008489815,,,
1.291168665,1.2302086,0.009431117,,,
1.3334337939999996,1.2650877,0.02436924,,,
0.40732803000000006,0.41196305,0.008258013,,,
1.1614784910000002,1.1738148,0.015213341,,,
1.1533581109999995,1.1176772,0.009161846,,,
0.473004702,0.4877247,0.016659565,,,
1.1325802439999997,1.1189201,0.030451767,,,
1.0642829769999997,1.0387133,0.018068912,,,
0.7208475950000002,0.71818125,0.026128815,,,
1.154346596,1.1479297,0.017143412,,,
1.0389653179999996,0.95349133,0.006765315,,,
0.9832759579999999,0.9747697,0.020572416,,,
0.715468541,0.7123041,0.028940395,,,
1.017059694,0.94520247,0.024543827,,,
1.560245385,1.587538,0.025883824,,,
0.44904547900000014,0.5347017,0.026837006,,,
0.42784529299999996,0.43122703,0.006120077,,,
1.093791932,1.0893285,0.011270563,,,
0.5397300260000001,0.61605614,0.023098303,,,
0.9701013279999999,0.9247506,0.015687607,,,
1.219731958,1.5369006,0.018771157,,,
0.85334512,0.8864787,0.015270281,,,
0.8087262620000002,0.8021234,0.011245289,,,
0.9358992680000002,0.973196,0.015764628,,,
1.155331991,1.161087,0.012907566,,,
0.8631453180000002,0.91804963,0.02127033,,,
0.7869492329999999,0.8110135,0.014186591,,,
1.9367648899999996,1.9486625,0.018994635,,,
0.657045899,0.6395476,0.035936825,,,
1.2086837280000002,1.2539817,0.008327999,,,
1.046590427,1.0682399,0.011518251,,,
0.8822853019999999,0.8305052,0.017196184,,,
1.7519446799999998,1.7793945,0.014591362,,,
0.7100817619999998,0.8894552,0.04514235,,,
0.760395536,0.75977045,0.014900562,,,
0.8534300540000002,0.861567,0.016987478,,,
1.2981872279999997,1.302404,0.016370578,,,
1.1528286649999997,1.1799042,0.034216844,,,
1.0697740410000003,1.0069544,0.031655654,,,
0.82139596,0.74206793,0.010280425,,,
1.06850702,1.0740777,0.018458672,,,
1.8824865959999997,1.576658,0.01268228,,,
0.6698437550000003,0.678332,0.008503155,,,
0.298125523,0.30834657,0.01572273,,,
-0.08891943300000005,-0.09187991,0.014054241,,,
1.235322065,1.2329745,0.010446913,,,
0.5039192440000002,0.5144685,0.0114178285,,,
0.697619315,0.6646894,0.01665635,,,
0.6561558989999999,0.6395476,0.035936825,,,
0.5932055020000001,0.52981985,0.0084281545,,,
0.7026900300000001,0.8215214,0.035678323,,,
1.58595238,1.5848726,0.019155707,,,
0.9891569199999999,0.96545094,0.0072848736,,,
1.2603749489999998,0.9991697,0.023210898,,,
1.3946271639999999,1.3789699,0.057837244,,,
0.48624461899999993,0.39880964,0.037946835,,,
0.901575655,0.9122965,0.015114095,,,
0.5927214550000002,0.6383851,0.005222067,,,
0.7076920600000001,0.8014447,0.025401274,,,
-0.087638361,-0.106001675,0.022098359,,,
1.7310832289999998,1.8825941,0.016808948,,,
1.0606486650000002,1.0717231,0.019612083,,,
0.7975376159999998,0.8307681,0.006631063,,,
0.5091796889999999,0.50420004,0.020006986,,,
1.0088438689999997,1.0146286,0.062048413,,,
0.267574405,0.32370216,0.035035886,,,
0.440233926,0.4328897,0.010057559,,,
0.553756357,0.617823,0.046851628,,,
1.3216503979999998,1.3318971,0.0350069,,,
1.4178369019999997,1.4322418,0.009502157,,,
0.688689599,0.6728952,0.009916334,,,
0.3666604319999998,0.3997279,0.018251106,,,
0.741942466,0.7499155,0.0058123562,,,
0.6872517860000001,0.65101177,0.00826866,,,
0.9671410139999999,0.9383491,0.01019586,,,
1.1746197380000003,1.4056957,0.0052317767,,,
1.0148610140000003,1.0332643,0.02775575,,,
0.8080465130000001,0.82754403,0.015368883,,,
0.5479268949999999,0.51030105,0.0098295165,,,
2.091238377,2.039743,0.00743687,,,
2.0112893569999994,2.0268753,0.023682287,,,
1.945191087,1.9361324,0.008833932,,,
1.031079474,1.0247916,0.038406987,,,
0.6074252639999999,0.6360745,0.016862446,,,
1.270785986,1.2706153,0.011454394,,,
0.6092906329999999,0.6525629,0.033525262,,,
0.9916040410000002,1.0464989,0.021907432,,,
2.0840729839999996,2.1300094,0.006240157,,,
0.7069162230000001,0.72648346,0.025617393,,,
0.637653911,0.7938286,0.032171324,,,
0.9267536800000002,0.87900573,0.013401092,,,
0.8425400300000001,0.94566333,0.010234732,,,
0.8357315379999999,0.84750414,0.020729749,,,
0.7509361790000001,0.7865906,0.01659379,,,
0.516995178,0.53795373,0.0048947134,,,
0.3090688510000001,0.5341401,0.054945774,,,
1.3500129839999995,1.3321314,0.014925012,,,
0.6869564890000001,0.54787403,0.022425981,,,
0.9520593360000001,0.9709085,0.022914216,,,
0.8074084320000001,0.76953727,0.012986761,,,
0.8311036800000002,0.87900573,0.013401092,,,
-0.6235007929999999,-0.62201375,0.03732404,,,
1.179210995,1.2241732,0.0122947795,,,
0.541784702,0.617345,0.045311786,,,
0.9541793359999999,0.9709085,0.022914216,,,
1.1717106299999998,1.2415565,0.013674392,,,
0.9157166420000001,0.95626336,0.0165344,,,
0.41097208799999996,0.41043654,0.01790483,,,
1.6674580349999997,1.697148,0.013457874,,,
1.439921029,1.463346,0.009929572,,,
1.138435092,1.0342785,0.009004308,,,
0.8229476160000002,0.830215,0.008669539,,,
0.742871538,0.7411546,0.00764903,,,
0.69782603,0.6159607,0.0167252,,,
1.7611044049999998,1.7701985,0.02523815,,,
0.6695979349999999,0.6652576,0.033685625,,,
0.6664316040000002,0.65074235,0.024145853,,,
0.507889244,0.5093813,0.013426819,,,
1.2023360859999996,1.2186642,0.04466444,,,
0.9550710359999999,0.9738537,0.027722405,,,
0.6595416839999999,0.65284663,0.015154543,,,
0.787572776,0.79059255,0.016492918,,,
0.977191014,0.97943467,0.003412295,,,
0.6511416480000001,0.6359175,0.018201267,,,
-0.05421461500000002,-0.15222453,0.012373214,,,
0.780914688,0.7882207,0.018510673,,,
0.46725428300000005,0.5817235,0.029355861,,,
0.7342589110000002,0.72953963,0.022438789,,,
0.718415092,0.6423239,0.0090202475,,,
0.964619233,0.85785425,0.025941702,,,
0.677949315,0.6646894,0.01665635,,,
1.176718377,1.049976,0.02575724,,,
0.6972500249999999,0.72197044,0.0039206687,,,
0.855850634,0.8415041,0.028874116,,,
0.6434814429999999,0.6497749,0.013161638,,,
0.8630664699999999,0.86278313,0.021999838,,,
0.7424210269999999,0.80963993,0.010084749,,,
0.61581386,0.5860734,0.0062976396,,,
0.947069336,0.9709085,0.022914216,,,
-0.12856836100000005,-0.15748763,0.019678552,,,
0.44066370200000005,0.4614099,0.020936517,,,
0.5358951779999999,0.63423306,0.042268615,,,
1.2696789429999995,1.2104013,0.053822994,,,
1.8106443339999996,1.8252112,0.017754633,,,
0.6774616040000001,0.65074235,0.024145853,,,
0.49118944600000003,0.5341401,0.054945774,,,
1.9697364700000004,2.0119123,0.017427128,,,
1.847011958,1.5369006,0.018771157,,,
0.798034041,0.8155696,0.014755015,,,
1.0812820949999995,1.105454,0.0110099735,,,
0.7628200300000001,0.72002214,0.02467058,,,
0.735658432,0.76953727,0.012986761,,,
